,SR_Pcode,State_Region,Tsp_Pcode,Township,Facility,Date,Male,Female,Total
0,MMR008,Bago,MMR008012,Nattalin,အထက (နတ္တလင်း),29/3/2020,17.0,4.0,21
1,MMR008,Bago,MMR008012,Nattalin,အထက (တာပွန်),29/3/2020,14.0,3.0,17
2,MMR008,Bago,MMR008012,Nattalin,အလက (ပွတ်စု),29/3/2020,13.0,0.0,13
3,MMR008,Bago,MMR008012,Nattalin,အထက (ချဉ်ယုတ်ကွင်း),29/3/2020,21.0,6.0,27
4,MMR008,Bago,MMR008012,Nattalin,အထက (ပေါက်တုန်း),29/3/2020,2.0,0.0,2
5,MMR008,Bago,MMR008012,Nattalin,အထက (ဒမငယ်),29/3/2020,22.0,2.0,24
6,MMR008,Bago,MMR008012,Nattalin,အထက (ပဲမခမ်း),29/3/2020,4.0,1.0,5
7,MMR008,Bago,MMR008012,Nattalin,အထက (အောင်ဇေယျာ),29/3/2020,16.0,2.0,18
8,MMR008,Bago,MMR008012,Nattalin,အထက (ကြိုးကြာကန်),29/3/2020,1.0,0.0,1
9,MMR008,Bago,MMR008012,Nattalin,ရေမွေး,29/3/2020,8.0,0.0,8
10,MMR008,Bago,MMR008012,Nattalin,အထက (နတ္တလင်း),30/3/2020,2.0,1.0,3
11,MMR008,Bago,MMR008012,Nattalin,အထက (တာပွန်),30/3/2020,2.0,0.0,2
12,MMR008,Bago,MMR008012,Nattalin,အလက (ပွတ်စု),30/3/2020,0.0,0.0,0
13,MMR008,Bago,MMR008012,Nattalin,အထက (ချဉ်ယုတ်ကွင်း),30/3/2020,0.0,0.0,0
14,MMR008,Bago,MMR008012,Nattalin,အထက (ပေါက်တုန်း),30/3/2020,3.0,0.0,3
15,MMR008,Bago,MMR008012,Nattalin,အထက (ဒမငယ်),30/3/2020,1.0,0.0,1
16,MMR008,Bago,MMR008012,Nattalin,အထက (ပဲမခမ်း),30/3/2020,1.0,0.0,1
17,MMR008,Bago,MMR008012,Nattalin,အထက (အောင်ဇေယျာ),30/3/2020,1.0,0.0,1
18,MMR008,Bago,MMR008012,Nattalin,အထက (ကြိုးကြာကန်),30/3/2020,0.0,0.0,0
19,MMR008,Bago,MMR008012,Nattalin,ရေမွေး,30/3/2020,0.0,0.0,0
20,MMR008,Bago,MMR008009,Minhla,အထက (မြို့ပြင်),28/3/2020,23.0,7.0,30
21,MMR008,Bago,MMR008009,Minhla,အထက (စစ်ကွင်း),28/3/2020,22.0,14.0,36
22,MMR008,Bago,MMR008009,Minhla,အထက (လက်ပံရေကျော်),28/3/2020,19.0,8.0,27
23,MMR008,Bago,MMR008009,Minhla,အထက-ခွဲ (ကိုင်ပြင်ကြီး),28/3/2020,20.0,0.0,20
24,MMR008,Bago,MMR008009,Minhla,အထက (စိန်ကန့်လန့်),28/3/2020,35.0,7.0,42
25,MMR008,Bago,MMR008009,Minhla,အထက (ရွှေလောင်း),28/3/2020,39.0,8.0,47
26,MMR008,Bago,MMR008009,Minhla,အလက (ရှားတောကွင်း),28/3/2020,13.0,6.0,19
27,MMR008,Bago,MMR008009,Minhla,အလက (ဂန့်ဂေါ်ပင်),28/3/2020,29.0,10.0,39
28,MMR008,Bago,MMR008010,Okpho,အထကအုတ်ဖို,30/3/2020,77.0,23.0,100
29,MMR008,Bago,MMR008010,Okpho,အထက အိုးသည်ကုန်,30/3/2020,35.0,9.0,44
30,MMR008,Bago,MMR008010,Okpho,အထကအေးမြသာယာ,30/3/2020,30.0,4.0,34
31,MMR008,Bago,MMR008010,Okpho,အလက လယ်ဦးစု ( လက်ပတောအုပ်စု),30/3/2020,15.0,10.0,25
32,MMR008,Bago,MMR008010,Okpho,အထက( ခွဲ) ကိုင်းကလေ,30/3/2020,21.0,4.0,25
33,MMR008,Bago,MMR008014,Gyobingauk,ဗောဓိရိပ်သာကျောင်းတိုက်,30/3/2020,6.0,3.0,9
34,MMR008,Bago,MMR008014,Gyobingauk,မူလွန်ကံဦး,30/3/2020,5.0,1.0,6
35,MMR008,Bago,MMR008014,Gyobingauk,မူလွန် ကိုင်းယားရှည်,30/3/2020,1.0,0.0,1
36,MMR008,Bago,MMR008014,Gyobingauk,မူလွန် ကွင်းချောင်း,30/3/2020,5.0,0.0,5
37,MMR008,Bago,MMR008014,Gyobingauk,မူလွန် ဘိုရုံစု,30/3/2020,4.0,2.0,6
38,MMR008,Bago,MMR008014,Gyobingauk,မူလွန် ကံကလေး,30/3/2020,3.0,2.0,5
39,MMR008,Bago,MMR008014,Gyobingauk,(အမက) တောင်ပို့ပြောင်,30/3/2020,4.0,0.0,4
40,MMR008,Bago,MMR008014,Gyobingauk,(အထက) ရွေဗန်းတော,30/3/2020,2.0,0.0,2
41,MMR008,Bago,MMR008014,Gyobingauk,အထက (ခွဲ) ကျွန်းကုန်းကြီး,30/3/2020,2.0,0.0,2
42,MMR008,Bago,MMR008014,Gyobingauk,(အမက) သရက်ကုန်း,30/3/2020,7.0,3.0,10
43,MMR008,Bago,MMR008014,Gyobingauk,(အမက) ကြို့ကုန်း,30/3/2020,1.0,0.0,1
44,MMR008,Bago,MMR008014,Gyobingauk,(အမက) ငှက်ကြီးသိုက်,30/3/2020,1.0,0.0,1
45,MMR008,Bago,MMR008014,Gyobingauk,အထက်စိန်ကြီးရိုးဘုန်းကြီးကျောင်း,30/3/2020,1.0,0.0,1
46,MMR008,Bago,MMR008014,Gyobingauk,(အမက) စိုင်‌ဂေါင်း,30/3/2020,2.0,0.0,2
47,MMR008,Bago,MMR008014,Gyobingauk,စမ်းအိုင် ငှက်ပျောတောခြံ,30/3/2020,1.0,1.0,2
48,MMR008,Bago,MMR008014,Gyobingauk,(အမက) ရွာသစ်,30/3/2020,1.0,0.0,1
49,MMR008,Bago,MMR008014,Gyobingauk,(အလက) ရှမ်းကွင်း,30/3/2020,2.0,0.0,2
50,MMR008,Bago,MMR008014,Gyobingauk,(အမက) ကြို့ပင်ဝိုင်း,30/3/2020,3.0,2.0,5
51,MMR008,Bago,MMR008014,Gyobingauk,အုတ်တွင်းကုန်း ဘုန်းကြီးကျောင်း,30/3/2020,1.0,0.0,1
52,MMR008,Bago,MMR008014,Gyobingauk,(အမက) ဥယျာဉ်ကြီး,30/3/2020,1.0,4.0,5
53,MMR008,Bago,MMR008014,Gyobingauk,ရန်ကြီးအောင် ဓမ္မာရုံ,30/3/2020,2.0,4.0,6
54,MMR008,Bago,MMR008014,Gyobingauk,(အမက) ရှားဖြူကုန်း,30/3/2020,4.0,1.0,5
55,MMR008,Bago,MMR008014,Gyobingauk,(အမက) မြို့တွင်း,30/3/2020,1.0,1.0,2
56,MMR008,Bago,MMR008014,Gyobingauk,အထက (ခွဲ) ကြခတ္တန်းကြီး,30/3/2020,1.0,0.0,1
57,MMR008,Bago,MMR008014,Gyobingauk,(အမက)လက်ပံဖြူ,30/3/2020,1.0,0.0,1
58,MMR008,Bago,MMR008014,Gyobingauk,အထက (ခွဲ)လှေတုန်း,30/3/2020,1.0,1.0,2
59,MMR008,Bago,MMR008014,Gyobingauk,(အမက) ဂုံညင်းတန်း,30/3/2020,2.0,3.0,5
60,MMR008,Bago,MMR008014,Gyobingauk,အထက (ခွဲ) ရှားပင်ထ,30/3/2020,3.0,0.0,3
61,MMR008,Bago,MMR008014,Gyobingauk,(အမက) ယောက်ချောင်း,30/3/2020,1.0,0.0,1
62,MMR008,Bago,MMR008014,Gyobingauk,ရွာသစ််ရဲကင်း,30/3/2020,10.0,1.0,11
63,MMR008,Bago,MMR008014,Gyobingauk,(အမက) အုန်းနှဲကျောတန်း (ရှေ့),30/3/2020,4.0,1.0,5
64,MMR008,Bago,MMR008014,Gyobingauk,(အမက) ဂွေးချောင်း,30/3/2020,5.0,0.0,5
65,MMR008,Bago,MMR008014,Gyobingauk,မကျီးကုန်း ဘုန်းကြီးကျောင်း,30/3/2020,1.0,0.0,1
66,MMR008,Bago,MMR008014,Gyobingauk,ဖလံကုန်းဘုရားကြီး,30/3/2020,1.0,0.0,1
67,MMR008,Bago,MMR008014,Gyobingauk,(အမက) အိုးဘိုကုန်း,30/3/2020,4.0,1.0,5
68,MMR008,Bago,MMR008014,Gyobingauk,(အမက) သပြေရုံ,30/3/2020,1.0,0.0,1
69,MMR008,Bago,MMR008014,Gyobingauk,(အမက) သခွတ်ပင်,30/3/2020,1.0,0.0,1
70,MMR008,Bago,MMR008014,Gyobingauk,(အမက) ဘန်းဘွေးကုန်း,30/3/2020,2.0,0.0,2
71,MMR008,Bago,MMR008014,Gyobingauk,(အမက) ညောင်လှ,30/3/2020,1.0,0.0,1
72,MMR008,Bago,MMR008014,Gyobingauk,(အမက)လိန်ပင်ကွင်း,30/3/2020,2.0,2.0,4
73,MMR008,Bago,MMR008014,Gyobingauk,(အမက) ဘုကြီး,30/3/2020,2.0,0.0,2
74,MMR007,Bago,MMR008101,Taungoo,ကရင်ချောင်းကျေးရွာအုပ်စု (ကျေးအင်း-ထုံးဘို အထက်တန်းကျောင်း),30/3/2020,6.0,4.0,10
75,MMR007,Bago,MMR008101,Taungoo,အနောက်ဆင်ကျေးရွာအုပ်စု (ဆင်ရွာ မူလွန်ကျောင်း),30/3/2020,5.0,1.0,6
76,MMR007,Bago,MMR008101,Taungoo,သဖန်းပင်ကျေးရွာအုပ်စု,30/3/2020,4.0,9.0,13
77,MMR007,Bago,MMR008101,Taungoo,သီတဂူ ဗုဒ္ဓတက္ကသိုလ်,30/3/2020,1.0,1.0,2
78,MMR007,Bago,MMR008101,Taungoo,ရှမ်းမင်းသားဟိုတယ်,30/3/2020,5.0,1.0,6
79,MMR007,Bago,MMR008101,Taungoo,ဇီးကုန်းကျေးရွာအုပ်စု (ကမ္ဘားနီ မူလွန်ကျောင်းနှင့် တဲ),30/3/2020,3.0,2.0,5
80,MMR007,Bago,MMR008101,Taungoo,ရွှေလေးအင်းကျေးရွာအုပ်စု (ချောင်းကမ်း မူလွန်ကျောင်း),30/3/2020,5.0,0.0,5
81,MMR007,Bago,MMR008101,Taungoo,မဟင်ကျေးရွာအုပ်စု (အိုင်သုံးဆင့် စာသင်ကျောင်း),30/3/2020,1.0,3.0,4
82,MMR007,Bago,MMR008101,Taungoo,ဒိုးအင်းကျေးရွာအုပ်စု,30/3/2020,7.0,5.0,12
83,MMR007,Bago,MMR008101,Taungoo,ဇီးဒိုင်းကျေးရွာအပ်စု (ဇောတိ မူလွန်ကျောင်း),30/3/2020,1.0,0.0,1
84,MMR007,Bago,MMR008101,Taungoo,အ.ထ.က (၆),30/3/2020,2.0,0.0,2
85,MMR007,Bago,MMR008101,Taungoo,မြို့သစ် အ.ထ.က (ကေတုမတီ),30/3/2020,4.0,0.0,4
86,MMR007,Bago,MMR008101,Taungoo,ရပ်ကွက် (၂) တောင်ပို့ကြီးဘုရား ဓမ္မာရုံကျောင်း,30/3/2020,2.0,0.0,2
87,MMR007,Bago,MMR008101,Taungoo,စပါးကြွယ်ကျေးရွာအုပ်စု (စပါးကြွယ် အ.လ.က ခွဲ),30/3/2020,0.0,1.0,1
88,MMR007,Bago,MMR008101,Taungoo,ဆင်ဆိပ်ကျေးရွာအုပ်စု (ခပေါင်းတိန် စာသင်ကျောင်း),30/3/2020,1.0,0.0,1
89,MMR007,Bago,MMR008101,Taungoo,ဆင်ဆိပ်ကျေးရွာအုပ်စု (ကံလှကျေးရွာ ဘုရားစောင်းတန်း),30/3/2020,1.0,0.0,1
90,MMR007,Bago,MMR008101,Taungoo,ဆင်ဆိပ်ကျေးရွာအုပ်စု (ပန်းပဲ စာသင်ကျောင်း),30/3/2020,1.0,1.0,2
91,MMR007,Bago,MMR008101,Taungoo,ဆူးတပ်ကျေးရွာအုပ်စု (ဆူးတပ်ဘုန်းကြီးကျောင်း),30/3/2020,1.0,0.0,1
92,MMR007,Bago,MMR008101,Taungoo,ပဒဲကျေးရွာအုပ်စု (ပဒဲ အ.ထ.က (ခွဲ) ကျောင်း),30/3/2020,2.0,2.0,4
93,MMR007,Bago,MMR008101,Taungoo,ဘိုကတော်ကျေးရွာအုပ်စု (ကင်းငယ်ရိပ်သာ),30/3/2020,2.0,1.0,3
94,MMR007,Bago,MMR008101,Taungoo,မြောက်ရေကြည်ကျေးရွာအုပ်စု (မြောက်ရေကြည် မူလွန်ကျောင်း),30/3/2020,20.0,5.0,25
95,MMR007,Bago,MMR008101,Taungoo,ရှမ်းစုကြီးကျေးရွာအုပ်စု (ပွတ်စု မူလွန်ကျောင်း),30/3/2020,0.0,2.0,2
96,MMR007,Bago,MMR008101,Taungoo,ဝက်ခေါက်စိန်ကျေးရွာအုပ်စု (ဝက်ခေါက်စိန် အ.လ.က),30/3/2020,1.0,0.0,1
97,MMR007,Bago,MMR008101,Taungoo,အရှေ့ဆင်ကျေးရွာအုပ်စု (ကျွန်းတောကုန်း မူလွန်ကျောင်း),30/3/2020,3.0,1.0,4
98,MMR010,Mandalay,MMR010031,Wundwin,သဲတော-ဝမ်းတွင်း (အ.ထ.က),31/3/2020,null,null,23
99,MMR010,Mandalay,MMR010031,Wundwin,ကုက္ကိုခါးလှ (အ.ထ.က) (ခွဲ),31/3/2020,null,null,0
100,MMR010,Mandalay,MMR010031,Wundwin,ကန်ပတ်လည် (အ.လ.က),31/3/2020,null,null,2
101,MMR010,Mandalay,MMR010031,Wundwin,ညောင်ပင်ကုန်း,31/3/2020,null,null,2
102,MMR010,Mandalay,MMR010031,Wundwin,အောင်သာ (မ) (အ.လ.က) (ခွဲ),31/3/2020,null,null,3
103,MMR010,Mandalay,MMR010031,Wundwin,ကုက္ကိုစု (အ.မ.က),31/3/2020,null,null,1
104,MMR010,Mandalay,MMR010031,Wundwin,ရိုးကန် (မူလွန်),31/3/2020,null,null,1
105,MMR010,Mandalay,MMR010031,Wundwin,တောင်ဘို (အ.ထ.က),31/3/2020,null,null,1
106,MMR010,Mandalay,MMR010031,Wundwin,သခွတ်မြင့် (အ.ထ.က) (ခွဲ),31/3/2020,null,null,8
107,MMR010,Mandalay,MMR010031,Wundwin,ရွှေတောင် (အ.ထ.က),31/3/2020,null,null,2
108,MMR010,Mandalay,MMR010031,Wundwin,ခြင်္သေ့လက် (အ.မ.က),31/3/2020,null,null,7
109,MMR010,Mandalay,MMR010031,Wundwin,ကျွတ်ကန် (အ.ထ.က) (ခွဲ),31/3/2020,null,null,5
110,MMR010,Mandalay,MMR010031,Wundwin,ထိန်ကန် (မူလွန်),31/3/2020,null,null,8
111,MMR010,Mandalay,MMR010031,Wundwin,ရွာရှည် (အ.ထ.က),31/3/2020,null,null,1
112,MMR010,Mandalay,MMR010031,Wundwin,ကံကွေ့ (အ.လ.က),31/3/2020,null,null,0
113,MMR010,Mandalay,MMR010031,Wundwin,ဘုရားဖြူ (အ.လ.က),31/3/2020,null,null,0
114,MMR010,Mandalay,MMR010031,Wundwin,အင်္ကန်းကုန်း (ယောဂီဆောင်),31/3/2020,null,null,1
115,MMR010,Mandalay,MMR010031,Wundwin,ဒိုင်ကောင်းကုန်း (အ.ထ.က),31/3/2020,null,null,7
116,MMR010,Mandalay,MMR010031,Wundwin,သင်္ဃန်းဆွဲ (တဲခိုစခန်း),31/3/2020,null,null,8
117,MMR010,Mandalay,MMR010031,Wundwin,ဆူးပန်း (အ.ထ.က)(ခွဲ),31/3/2020,null,null,4
118,MMR010,Mandalay,MMR010031,Wundwin,ကံစွယ် (အ.ထ.က),31/3/2020,null,null,3
119,MMR010,Mandalay,MMR010031,Wundwin,မြောက်ပိုင်း (အ.မ.က),31/3/2020,null,null,5
120,MMR010,Mandalay,MMR010031,Wundwin,ဂုဏ်ရွာ (အ.ထ.က),31/3/2020,null,null,12
121,MMR010,Mandalay,MMR010031,Wundwin,ညောင်အုပ်ဖီး (အ.ထ.က),31/3/2020,null,null,4
122,MMR010,Mandalay,MMR010031,Wundwin,ခင်ကြီး (အ.ထ.က)(ခွဲ),31/3/2020,null,null,2
123,MMR010,Mandalay,MMR010031,Wundwin,နေပူကုန်း (အ.မ.က),31/3/2020,null,null,1
124,MMR010,Mandalay,MMR010031,Wundwin,ဆပ်ခင်း (အ.ထ.က),31/3/2020,null,null,0
125,MMR010,Mandalay,MMR010031,Wundwin,သီးကုန်း (အ.လ.က),31/3/2020,null,null,1
126,MMR010,Mandalay,MMR010031,Wundwin,လိန်ပင် (အ.မ.က),31/3/2020,null,null,2
127,MMR010,Mandalay,MMR010031,Wundwin,နတ်နန်း (အ.မ.က),31/3/2020,null,null,3
128,MMR010,Mandalay,MMR010031,Wundwin,ထနောင်းကုန်း (အ.မ.က),31/3/2020,null,null,1
129,MMR010,Mandalay,MMR010031,Wundwin,ဇချမ်းကုန်း (မ) (မူလွန်),31/3/2020,null,null,1
130,MMR010,Mandalay,MMR010031,Wundwin,မကျီးအုပ် (အုပ်ချုပ်ရေးရုံး),31/3/2020,null,null,11
131,MMR010,Mandalay,MMR010031,Wundwin,သဘွတ်ကုန်း (ဆေးခန်း),31/3/2020,null,null,6
132,MMR010,Mandalay,MMR010031,Wundwin,မကျီးတော (အ.မ.က),31/3/2020,null,null,12
133,MMR010,Mandalay,MMR010031,Wundwin,ရွှေဖလားကန် (တ) (အ.မ.က),31/3/2020,null,null,2
134,MMR010,Mandalay,MMR010031,Wundwin,ရွှေဖလားကန် (မ) (အ.မ.က),31/3/2020,null,null,2
135,MMR010,Mandalay,MMR010031,Wundwin,ပေါက်တော (အ.မ.က),31/3/2020,null,null,2
136,MMR010,Mandalay,MMR010031,Wundwin,တမာကုန်း (အ.ထ.က),31/3/2020,null,null,3
137,MMR010,Mandalay,MMR010031,Wundwin,ဇဝင်း (အ.မ.က),31/3/2020,null,null,45
138,MMR010,Mandalay,MMR010031,Wundwin,ရွာသစ် (အ.ထ.က),31/3/2020,null,null,3
139,MMR010,Mandalay,MMR010031,Wundwin,သဖန်းပင် (အ.မ.က),31/3/2020,null,null,1
140,MMR010,Mandalay,MMR010031,Wundwin,သဲတောလေး (မူလွန်),31/3/2020,null,null,2
141,MMR010,Mandalay,MMR010031,Wundwin,အင်းယင်း (အ.မ.က),31/3/2020,null,null,2
142,MMR010,Mandalay,MMR010031,Wundwin,ဒါးလှ (အ.မ.က),31/3/2020,null,null,2
143,MMR010,Mandalay,MMR010031,Wundwin,မြစ်သူငယ် (အ.မ.က),31/3/2020,null,null,2
144,MMR010,Mandalay,MMR010031,Wundwin,ပေါက်ကံ (အ.မ.က),31/3/2020,null,null,1
145,MMR010,Mandalay,MMR010031,Wundwin,သစ်ပုလွေကန် (အ.ထ.က)(ခွဲ),31/3/2020,null,null,3
146,MMR010,Mandalay,MMR010031,Wundwin,ရှောက်တော (မူလွန်),31/3/2020,null,null,19
147,MMR010,Mandalay,MMR010031,Wundwin,ပုလဝါ (အ.မ.က),31/3/2020,null,null,10
148,MMR010,Mandalay,MMR010031,Wundwin,ဆင်သွေကွေ့ (အ.မ.က),31/3/2020,null,null,11
149,MMR010,Mandalay,MMR010031,Wundwin,တဲစု (အ.ထ.က)(ခွဲ),31/3/2020,null,null,96
150,MMR010,Mandalay,MMR010031,Wundwin,ပင်းတလဲ (အ.ထ.က),31/3/2020,null,null,8
151,MMR010,Mandalay,MMR010031,Wundwin,လေးမျက်နှာ (အ.မ.က),31/3/2020,null,null,87
152,MMR010,Mandalay,MMR010031,Wundwin,လေးမျက်နှာ (ဘ.က),31/3/2020,null,null,88
153,MMR010,Mandalay,MMR010031,Wundwin,ညောင်ကားယား (အ.မ.က),31/3/2020,null,null,7
154,MMR010,Mandalay,MMR010031,Wundwin,ဖိုကုန်း (အ.မ.က),31/3/2020,null,null,2
155,MMR010,Mandalay,MMR010031,Wundwin,ရုံးပင်ကုန်း (အ.မ.က),31/3/2020,null,null,5
156,MMR010,Mandalay,MMR010031,Wundwin,မင်းကန် (အ.မ.က),31/3/2020,null,null,1
157,MMR010,Mandalay,MMR010031,Wundwin,ပျားစွဲ (န) (အ.မ.က),31/3/2020,null,null,6
158,MMR010,Mandalay,MMR010031,Wundwin,သုံးဒေါင့်အိုင် (ဘုရားဓမ္မာရုံ),31/3/2020,null,null,7
159,MMR010,Mandalay,MMR010031,Wundwin,ကျင်းရွာ (အ.လ.က)(ခွဲ),31/3/2020,null,null,6
160,MMR010,Mandalay,MMR010031,Wundwin,အောင်ချမ်းသာ (အ.ထ.က),31/3/2020,null,null,9
161,MMR010,Mandalay,MMR010031,Wundwin,ဇချမ်းကုန်း(တ) (အ.ထ.က)(ခွဲ),31/3/2020,null,null,1
162,MMR010,Mandalay,MMR010031,Wundwin,ရွာဝေ (အ.ထ.က)(ခွဲ),31/3/2020,null,null,5
163,MMR010,Mandalay,MMR010031,Wundwin,မြောက်ဆည် (အ.လ.က),31/3/2020,null,null,2
164,MMR010,Mandalay,MMR010031,Wundwin,ရာသင်္ချာ (အ.မ.က),31/3/2020,null,null,7
165,MMR010,Mandalay,MMR010031,Wundwin,တောင်ဆည် (အ.မ.က),31/3/2020,null,null,4
166,MMR010,Mandalay,MMR010031,Wundwin,ကုန်းကံ (အ.လ.က),31/3/2020,null,null,4
167,MMR010,Mandalay,MMR010031,Wundwin,သဖန်း (အ.ထ.က)(ခွဲ၀,31/3/2020,null,null,3
168,MMR010,Mandalay,MMR010031,Wundwin,ဖလန်ကန် (အ.မ.က),31/3/2020,null,null,4
169,MMR010,Mandalay,MMR010031,Wundwin,ထန်းပင်ကုန်း (ငှက်ပျောတောတဲ),31/3/2020,null,null,1
170,MMR010,Mandalay,MMR010031,Wundwin,အင်္ကန်းကြီး (အ.လ.က)(ခွဲ),31/3/2020,null,null,2
171,MMR010,Mandalay,MMR010031,Wundwin,ဂျမ်းလုံ (အ.မ.က),31/3/2020,null,null,1
172,MMR010,Mandalay,MMR010031,Wundwin,ကြပ်ကန် (အ.လ.က),31/3/2020,null,null,1
173,MMR010,Mandalay,MMR010031,Wundwin,(၂၉) စိုက်ကွင်း (အ.လ.က),31/3/2020,null,null,3
174,MMR010,Mandalay,MMR010031,Wundwin,ဖလန်ကျင်း (အ.မ.က),31/3/2020,null,null,2
175,MMR010,Mandalay,MMR010031,Wundwin,ထီးလှိုင် (ဆည်ရွာ) (အ.မ.က),31/3/2020,null,null,1
176,MMR006,Tanintharyi,MMR006001,Dawei,နေအိမ်တွင် ထားရှိစောင့်ကြည့်ခံရသူ,2/4/2020,null,null,239
177,MMR006,Tanintharyi,MMR006004,Yebyu,နေအိမ်တွင် ထားရှိစောင့်ကြည့်ခံရသူ,2/4/2020,null,null,20
178,MMR006,Tanintharyi,MMR006002,Launglon,နေအိမ်တွင် ထားရှိစောင့်ကြည့်ခံရသူ,2/4/2020,null,null,892
179,MMR006,Tanintharyi,MMR006003,Thayetchaung,နေအိမ်တွင် ထားရှိစောင့်ကြည့်ခံရသူ,2/4/2020,null,null,299
180,MMR006,Tanintharyi,MMR006005,Myeik,နေအိမ်တွင် ထားရှိစောင့်ကြည့်ခံရသူ,2/4/2020,null,null,389
181,MMR006,Tanintharyi,MMR006006,Kyunsu,နေအိမ်တွင် ထားရှိစောင့်ကြည့်ခံရသူ,2/4/2020,null,null,86
182,MMR006,Tanintharyi,MMR006007,Palaw,နေအိမ်တွင် ထားရှိစောင့်ကြည့်ခံရသူ,2/4/2020,null,null,328
183,MMR006,Tanintharyi,MMR006008,Tanintharyi,နေအိမ်တွင် ထားရှိစောင့်ကြည့်ခံရသူ,2/4/2020,null,null,223
184,MMR006,Tanintharyi,MMR006009,Kawthoung,နေအိမ်တွင် ထားရှိစောင့်ကြည့်ခံရသူ,2/4/2020,null,null,148
185,MMR006,Tanintharyi,MMR006010,Bokpyin,နေအိမ်တွင် ထားရှိစောင့်ကြည့်ခံရသူ,2/4/2020,null,null,116
186,MMR006,Tanintharyi,MMR006001,Dawei,ဆေးရုံတွင် ထားရှိစောင့်ကြည့်ခံရသူ,2/4/2020,null,null,3
187,MMR006,Tanintharyi,MMR006004,Yebyu,ဆေးရုံတွင် ထားရှိစောင့်ကြည့်ခံရသူ,2/4/2020,null,null,1
188,MMR006,Tanintharyi,MMR006002,Launglon,ဆေးရုံတွင် ထားရှိစောင့်ကြည့်ခံရသူ,2/4/2020,null,null,0
189,MMR006,Tanintharyi,MMR006003,Thayetchaung,ဆေးရုံတွင် ထားရှိစောင့်ကြည့်ခံရသူ,2/4/2020,null,null,0
190,MMR006,Tanintharyi,MMR006005,Myeik,ဆေးရုံတွင် ထားရှိစောင့်ကြည့်ခံရသူ,2/4/2020,null,null,0
191,MMR006,Tanintharyi,MMR006006,Kyunsu,ဆေးရုံတွင် ထားရှိစောင့်ကြည့်ခံရသူ,2/4/2020,null,null,0
192,MMR006,Tanintharyi,MMR006007,Palaw,ဆေးရုံတွင် ထားရှိစောင့်ကြည့်ခံရသူ,2/4/2020,null,null,0
193,MMR006,Tanintharyi,MMR006008,Tanintharyi,ဆေးရုံတွင် ထားရှိစောင့်ကြည့်ခံရသူ,2/4/2020,null,null,0
194,MMR006,Tanintharyi,MMR006009,Kawthoung,ဆေးရုံတွင် ထားရှိစောင့်ကြည့်ခံရသူ,2/4/2020,null,null,0
195,MMR006,Tanintharyi,MMR006010,Bokpyin,ဆေးရုံတွင် ထားရှိစောင့်ကြည့်ခံရသူ,2/4/2020,null,null,0
196,MMR006,Tanintharyi,MMR006001,Dawei,ဟိုတယ်တွင် ထားရှိစောင့်ကြည့်ခံရသူ,2/4/2020,null,null,0
197,MMR006,Tanintharyi,MMR006004,Yebyu,ဟိုတယ်တွင် ထားရှိစောင့်ကြည့်ခံရသူ,2/4/2020,null,null,0
198,MMR006,Tanintharyi,MMR006002,Launglon,ဟိုတယ်တွင် ထားရှိစောင့်ကြည့်ခံရသူ,2/4/2020,null,null,0
199,MMR006,Tanintharyi,MMR006003,Thayetchaung,ဟိုတယ်တွင် ထားရှိစောင့်ကြည့်ခံရသူ,2/4/2020,null,null,0
200,MMR006,Tanintharyi,MMR006005,Myeik,ဟိုတယ်တွင် ထားရှိစောင့်ကြည့်ခံရသူ,2/4/2020,null,null,0
201,MMR006,Tanintharyi,MMR006006,Kyunsu,ဟိုတယ်တွင် ထားရှိစောင့်ကြည့်ခံရသူ,2/4/2020,null,null,0
202,MMR006,Tanintharyi,MMR006007,Palaw,ဟိုတယ်တွင် ထားရှိစောင့်ကြည့်ခံရသူ,2/4/2020,null,null,0
203,MMR006,Tanintharyi,MMR006008,Tanintharyi,ဟိုတယ်တွင် ထားရှိစောင့်ကြည့်ခံရသူ,2/4/2020,null,null,0
204,MMR006,Tanintharyi,MMR006009,Kawthoung,ဟိုတယ်တွင် ထားရှိစောင့်ကြည့်ခံရသူ,2/4/2020,null,null,0
205,MMR006,Tanintharyi,MMR006010,Bokpyin,ဟိုတယ်တွင် ထားရှိစောင့်ကြည့်ခံရသူ,2/4/2020,null,null,0
206,MMR006,Tanintharyi,MMR006001,Dawei,ဧည့်ရိပ်သာ/ခန်းမတွင် ထားရှိစောင့်ကြည့်ခံရသူ,2/4/2020,null,null,0
207,MMR006,Tanintharyi,MMR006004,Yebyu,ဧည့်ရိပ်သာ/ခန်းမတွင် ထားရှိစောင့်ကြည့်ခံရသူ,2/4/2020,null,null,0
208,MMR006,Tanintharyi,MMR006002,Launglon,ဧည့်ရိပ်သာ/ခန်းမတွင် ထားရှိစောင့်ကြည့်ခံရသူ,2/4/2020,null,null,0
209,MMR006,Tanintharyi,MMR006003,Thayetchaung,ဧည့်ရိပ်သာ/ခန်းမတွင် ထားရှိစောင့်ကြည့်ခံရသူ,2/4/2020,null,null,0
210,MMR006,Tanintharyi,MMR006005,Myeik,ဧည့်ရိပ်သာ/ခန်းမတွင် ထားရှိစောင့်ကြည့်ခံရသူ,2/4/2020,null,null,0
211,MMR006,Tanintharyi,MMR006006,Kyunsu,ဧည့်ရိပ်သာ/ခန်းမတွင် ထားရှိစောင့်ကြည့်ခံရသူ,2/4/2020,null,null,0
212,MMR006,Tanintharyi,MMR006007,Palaw,ဧည့်ရိပ်သာ/ခန်းမတွင် ထားရှိစောင့်ကြည့်ခံရသူ,2/4/2020,null,null,0
213,MMR006,Tanintharyi,MMR006008,Tanintharyi,ဧည့်ရိပ်သာ/ခန်းမတွင် ထားရှိစောင့်ကြည့်ခံရသူ,2/4/2020,null,null,0
214,MMR006,Tanintharyi,MMR006009,Kawthoung,ဧည့်ရိပ်သာ/ခန်းမတွင် ထားရှိစောင့်ကြည့်ခံရသူ,2/4/2020,null,null,0
215,MMR006,Tanintharyi,MMR006010,Bokpyin,ဧည့်ရိပ်သာ/ခန်းမတွင် ထားရှိစောင့်ကြည့်ခံရသူ,2/4/2020,null,null,0
216,MMR006,Tanintharyi,MMR006001,Dawei,စာသင်ကျောင်း/တက္ကသိုလ်တွင် ထားရှိစောင့်ကြည့်ခံရသူ,2/4/2020,null,null,5
217,MMR006,Tanintharyi,MMR006004,Yebyu,စာသင်ကျောင်း/တက္ကသိုလ်တွင် ထားရှိစောင့်ကြည့်ခံရသူ,2/4/2020,null,null,411
218,MMR006,Tanintharyi,MMR006002,Launglon,စာသင်ကျောင်း/တက္ကသိုလ်တွင် ထားရှိစောင့်ကြည့်ခံရသူ,2/4/2020,null,null,127
219,MMR006,Tanintharyi,MMR006003,Thayetchaung,စာသင်ကျောင်း/တက္ကသိုလ်တွင် ထားရှိစောင့်ကြည့်ခံရသူ,2/4/2020,null,null,28
220,MMR006,Tanintharyi,MMR006005,Myeik,စာသင်ကျောင်း/တက္ကသိုလ်တွင် ထားရှိစောင့်ကြည့်ခံရသူ,2/4/2020,null,null,0
221,MMR006,Tanintharyi,MMR006006,Kyunsu,စာသင်ကျောင်း/တက္ကသိုလ်တွင် ထားရှိစောင့်ကြည့်ခံရသူ,2/4/2020,null,null,15
222,MMR006,Tanintharyi,MMR006007,Palaw,စာသင်ကျောင်း/တက္ကသိုလ်တွင် ထားရှိစောင့်ကြည့်ခံရသူ,2/4/2020,null,null,87
223,MMR006,Tanintharyi,MMR006008,Tanintharyi,စာသင်ကျောင်း/တက္ကသိုလ်တွင် ထားရှိစောင့်ကြည့်ခံရသူ,2/4/2020,null,null,86
224,MMR006,Tanintharyi,MMR006009,Kawthoung,စာသင်ကျောင်း/တက္ကသိုလ်တွင် ထားရှိစောင့်ကြည့်ခံရသူ,2/4/2020,null,null,66
225,MMR006,Tanintharyi,MMR006010,Bokpyin,စာသင်ကျောင်း/တက္ကသိုလ်တွင် ထားရှိစောင့်ကြည့်ခံရသူ,2/4/2020,null,null,116
226,MMR006,Tanintharyi,MMR006004,Yebyu,ဝဇွမ်းတောကျေးရွာ ဘ/က ကျောင်း,2/4/2020,null,null,14
227,MMR006,Tanintharyi,MMR006004,Yebyu,ကွမ်းရာအင်းကျေးရွာ ဘုန်းကြီးကျောင်း,2/4/2020,null,null,10
228,MMR006,Tanintharyi,MMR006004,Yebyu,ကင်မွန်းချောင်ကျေးရွာ ဘုန်းကြီးကျောင်း,2/4/2020,null,null,18
229,MMR006,Tanintharyi,MMR006004,Yebyu,ပြင်ကြီး ဘုန်းကြီးကျောင်း,2/4/2020,null,null,6
230,MMR006,Tanintharyi,MMR006003,Thayetchaung,ရမဲမူလယဉ်ငေးရိပ်သာ,2/4/2020,null,null,6
231,MMR006,Tanintharyi,MMR006005,Myeik,ကလွင်ကျေးရွာအုပ်စု၊ အေးရိပ်ချောင်ဘုန်းကြီးကျောင်း,2/4/2020,null,null,46
232,MMR006,Tanintharyi,MMR006006,Kyunsu,ရေကန်တောင်ကျေးရွာအုပ်စု ကလိန်ဘဲ ဘုန်းကြီးကျောင်း,2/4/2020,null,null,1
233,MMR006,Tanintharyi,MMR006006,Kyunsu,ဘန္ဒဲနဲကျေးရွာ ဘုန်းကြီးကျောင်း,2/4/2020,null,null,4
234,MMR006,Tanintharyi,MMR006006,Kyunsu,တောပြားကျေးရွာ ဘုန်းကြီးကျောင်း,2/4/2020,null,null,1
235,MMR006,Tanintharyi,MMR006006,Kyunsu,ကော်ဇယာကျေးရွာ ဘုန်းကြီးကျောင်း,2/4/2020,null,null,1
236,MMR006,Tanintharyi,MMR006006,Kyunsu,မအိုင်ကျေးရွာ ဘုန်းကြီးကျောင်း,2/4/2020,null,null,3
237,MMR006,Tanintharyi,MMR006006,Kyunsu,ဝါရစ်ကျေးရွာအုပ်စု၊ ဝါရစ်ကျေးရွာဘုန်းကြီးကျောင်း,2/4/2020,null,null,2
238,MMR006,Tanintharyi,MMR006006,Kyunsu,သန္တုကျေးရွာဘုန်းကြီးကျောင်း,2/4/2020,null,null,2
239,MMR006,Tanintharyi,MMR006006,Kyunsu,ရေမြစ်ကြီးကျေးရွာဘုန်းတော်ကြီးကျောင်း,2/4/2020,null,null,1
240,MMR006,Tanintharyi,MMR006006,Kyunsu,ကျွဲခရံကျေးရွာဘုန်းတော်ကြီးကျောင်း,2/4/2020,null,null,1
241,MMR006,Tanintharyi,MMR006006,Kyunsu,ကံမော်ကျေးရွာဘုန်းကြီးကျောင်း,2/4/2020,null,null,2
242,MMR006,Tanintharyi,MMR006007,Palaw,ကဒဲ-ကဗျာကက်သရက်ဘုန်းကြီးကျောင်း,2/4/2020,null,null,1
243,MMR006,Tanintharyi,MMR006007,Palaw,ကျောက္ကာကျေးရွာအုပ်စု၊ ကျောက္ကာဘုန်းကြီးကျောင်း,2/4/2020,null,null,2
244,MMR006,Tanintharyi,MMR006007,Palaw,လက္ကူးကျေးရွာအုပ်စု၊ လက္ကူးကျေးရွာဘုန်းကြီးကျောင်း,2/4/2020,null,null,11
245,MMR006,Tanintharyi,MMR006007,Palaw,ကျောင်းနိမ့်ဘုန်းကြီးကျောင်း,2/4/2020,null,null,3
246,MMR006,Tanintharyi,MMR006007,Palaw,အလယ်ပိုင်းဘုန်းကြီးကျောင်း,2/4/2020,null,null,1
247,MMR006,Tanintharyi,MMR006007,Palaw,ပလအမှတ် (၂) ရပ်ကွက်၊ ကက်သရက်ဘုန်းကြီးကျောင်း,2/4/2020,null,null,1
248,MMR006,Tanintharyi,MMR006009,Kawthoung,ရွှေဇင်ယော်ရပ်ကွက်၊ ဇိနမာန်အောင်ဘုန်းကြီးကျောင်း,2/4/2020,null,null,1
249,MMR006,Tanintharyi,MMR006004,Yebyu,(ခ)ရပ်ကွက် မီးသတ်ဦးစီးဌာနဝန်ထမ်းအိမ်ရာ,2/4/2020,null,null,9
250,MMR006,Tanintharyi,MMR006005,Myeik,ကျွဲကူးကျောက်ဖျာဆိပ်ကမ်း ကုန်တင်သင်္ဘော (၃) စီးပေါ်,2/4/2020,null,null,13
251,MMR006,Tanintharyi,MMR006009,Kawthoung,ပုလုံးတုံတုံးကျောရွာ Shelter,2/4/2020,null,null,82
252,MMR007,Bago,MMR007011,Kyaukkyi,အ.ထ.က (ကျောက်ကြီး),31/3/2020,47.0,9.0,56
253,MMR007,Bago,MMR007011,Kyaukkyi,အ.ထ.က (နတ်သံကွင်း),31/3/2020,82.0,46.0,128
254,MMR007,Bago,MMR007011,Kyaukkyi,အ.ထ.က (မုန်း),31/3/2020,106.0,67.0,173
255,MMR007,Bago,MMR007011,Kyaukkyi,အ.ထ.က (ညောင်ပင်သာ),31/3/2020,35.0,8.0,43
256,MMR008,Bago,MMR008012,Nattalin,အထက (နတ္တလင်း),31/3/2020,20.0,5.0,25
257,MMR008,Bago,MMR008012,Nattalin,အထက (တာပွန်),31/3/2020,17.0,3.0,20
258,MMR008,Bago,MMR008012,Nattalin,အလက (ပွတ်စု),31/3/2020,15.0,0.0,15
259,MMR008,Bago,MMR008012,Nattalin,အထက (ချဉ်ယုတ်ကွင်း),31/3/2020,22.0,6.0,28
260,MMR008,Bago,MMR008012,Nattalin,အထက (ပေါက်တုန်း),31/3/2020,5.0,0.0,5
261,MMR008,Bago,MMR008012,Nattalin,အထက (ဒမငယ်),31/3/2020,24.0,1.0,25
262,MMR008,Bago,MMR008012,Nattalin,အထက (ပဲမခမ်း),31/3/2020,5.0,1.0,6
263,MMR008,Bago,MMR008012,Nattalin,အထက (အောင်ဇေယျာ),31/3/2020,18.0,2.0,20
264,MMR008,Bago,MMR008012,Nattalin,အထက (ကြိုးကြာကန်),31/3/2020,1.0,0.0,1
265,MMR008,Bago,MMR008012,Nattalin,ရေမွေး,31/3/2020,8.0,0.0,8
266,MMR008,Bago,MMR008012,Nattalin,အထက (နတ္တလင်း),1/4/2020,0.0,0.0,0
267,MMR008,Bago,MMR008012,Nattalin,အထက (တာပွန်),1/4/2020,1.0,0.0,1
268,MMR008,Bago,MMR008012,Nattalin,အလက (ပွတ်စု),1/4/2020,0.0,0.0,0
269,MMR008,Bago,MMR008012,Nattalin,အထက (ချဉ်ယုတ်ကွင်း),1/4/2020,0.0,0.0,0
270,MMR008,Bago,MMR008012,Nattalin,အထက (ပေါက်တုန်း),1/4/2020,0.0,0.0,0
271,MMR008,Bago,MMR008012,Nattalin,အထက (ဒမငယ်),1/4/2020,0.0,0.0,0
272,MMR008,Bago,MMR008012,Nattalin,အထက (ပဲမခမ်း),1/4/2020,1.0,0.0,1
273,MMR008,Bago,MMR008012,Nattalin,အထက (အောင်ဇေယျာ),1/4/2020,0.0,0.0,0
274,MMR008,Bago,MMR008012,Nattalin,အထက (ကြိုးကြာကန်),1/4/2020,1.0,1.0,2
275,MMR008,Bago,MMR008012,Nattalin,ရေမွေး,1/4/2020,0.0,0.0,0
276,MMR008,Bago,MMR008014,Gyobingauk,ဗောဓိရိပ်သာကျောင်းတိုက်,31/3/2020,2.0,0.0,2
277,MMR008,Bago,MMR008014,Gyobingauk,(အမက) မြို့တွင်း,31/3/2020,0.0,1.0,1
278,MMR008,Bago,MMR008014,Gyobingauk,(အမက) ကြို့ပင်ဝိုင်း,1/4/2020,2.0,1.0,3
279,MMR008,Bago,MMR008014,Gyobingauk,ရွာသစ််ရဲကင်း,1/4/2020,3.0,0.0,3
280,MMR008,Bago,MMR008014,Gyobingauk,(အမက) အုန်းနှဲကျောတန်း (ရှေ့),1/4/2020,4.0,0.0,4
281,MMR007,Bago (East),MMR007008,Shwegyin,ကံဘေးအိုင်ကျေးရွာ၊ ပန်းငွေရုံဓမ္မရုံသီရိပ်သာ,28/3/2020,2.0,0.0,2
282,MMR008,Bago (East),MMR007009,Shwegyin,ကံဘေးအိုင်ကျေးရွာ၊ ပန်းငွေရုံဓမ္မရုံသီရိပ်သာ,29/3/2020,2.0,1.0,3
283,MMR013,Yangon,MMR013040,Hlaing,Hlaing Quarantine,1/4/2020,null,null,334
284,MMR013,Yangon,MMR013040,Hlaing,ကေတုမတီဆောင်,1/4/2020,null,null,2
285,MMR013,Yangon,MMR013040,Hlaing,HOYA Hotel,1/4/2020,null,null,20
286,MMR013,Yangon,MMR013040,Hlaing,စစ်ပတ်တည်းခိုစခန်း (စစ်ကြောရေး),1/4/2020,null,null,68
287,MMR013,Yangon,MMR013040,Hlaing,Home Quarantine,1/4/2020,null,null,106
288,MMR009,Magway,MMR009019,Yesagyo,Home Quarantine,31/3/2020,119.0,58.0,177
289,MMR009,Magway,MMR009019,Yesagyo,Facility Quarantine,31/3/2020,87.0,37.0,124
290,MMR010,Mandalay,null,null,Hotel Quarantine,1/4/2020,null,null,90
291,MMR010,Mandalay,null,null,Facility Quarantine,1/4/2020,null,null,3115
292,MMR007,Bago (East),MMR007005,Nyaunglebin,အထက(၁) ပြွန်တန်ဆာ,2/4/2020,2.0,2.0,4
293,MMR007,Bago (East),MMR007005,Nyaunglebin,အလက(ခွဲ) ဝင်္ဂဘော်,2/4/2020,5.0,8.0,13
294,MMR007,Bago (East),MMR007005,Nyaunglebin,အထက(ခွဲ)ဝဲဝန်း,2/4/2020,11.0,5.0,16
295,MMR007,Bago (East),MMR007005,Nyaunglebin,အထက(ခွဲ)ဘိုင်းဒါး,2/4/2020,6.0,4.0,10
296,MMR007,Bago (East),MMR007005,Nyaunglebin,အထက(ခွဲ)ငါးပြေမ,2/4/2020,9.0,14.0,23
297,MMR007,Bago (East),MMR007005,Nyaunglebin,အလက(ခွဲ)ကဒါးသဲကျော,2/4/2020,32.0,14.0,46
298,MMR007,Bago (East),MMR007005,Nyaunglebin,အထက(ခွဲ)အောင်းကြီး,2/4/2020,14.0,7.0,21
299,MMR007,Bago (East),MMR007005,Nyaunglebin,အမက(လွန်)ရေတွင်းကုန်း,2/4/2020,1.0,4.0,5
300,MMR007,Bago (East),MMR007005,Nyaunglebin,အလက စစ်ကုန်းချောင်းသစ်,2/4/2020,7.0,5.0,12
301,MMR007,Bago (East),MMR007005,Nyaunglebin,အလက(ခွဲ)ရေကျော်,2/4/2020,7.0,4.0,11
302,MMR007,Bago (East),MMR007005,Nyaunglebin,အမက ကိုးတောင်,2/4/2020,1.0,1.0,2
303,MMR007,Bago (East),MMR007005,Nyaunglebin,အမက ကမွန်းကန်,2/4/2020,1.0,1.0,2
304,MMR007,Bago (East),MMR007005,Nyaunglebin,အမက မအူရိုး,2/4/2020,16.0,4.0,20
305,MMR007,Bago (East),MMR007005,Nyaunglebin,အလက(ခွဲ)ကတုတ်ကြောင်လျှာဖြား,2/4/2020,31.0,27.0,58
306,MMR007,Bago (East),MMR007005,Nyaunglebin,အလက(ခွဲ)ဆင်ကူး,2/4/2020,5.0,0.0,5
307,MMR007,Bago (East),MMR007005,Nyaunglebin,အလက(ခွဲ)နဘဲပင်,2/4/2020,3.0,0.0,3
308,MMR007,Bago (East),MMR007001,Bago,ဘုရားကြီးမြို့၊ အမှတ် (၂)ရပ်ကွက် အထကအခြေခံပညာအထက်တန်းကျောင်း,2/4/2020,18.0,15.0,33
309,MMR007,Bago (East),MMR007001,Bago,ပဲခူးတက္ကသိုလ်,2/4/2020,66.0,39.0,105
310,MMR007,Bago (East),MMR007001,Bago,အသောကဘုန်းကြီးကျောင်း,2/4/2020,1.0,0.0,1
311,MMR002,Kayah,MMR002001,Loikaw,သာသနာ့ဗိမာန်,2/4/2020,42.0,31.0,73
312,MMR002,Kayah,MMR002001,Loikaw,အား/ကာသိပ္ပံ,2/4/2020,58.0,28.0,86
313,MMR002,Kayah,MMR002001,Loikaw,သူနာပြု/သားဖွား သင်တန်းကျောင်း,2/4/2020,28.0,19.0,47
314,MMR002,Kayah,MMR002002,Demoso,ဒီးမော့ဆို အ.ထ.က,2/4/2020,34.0,49.0,83
315,MMR002,Kayah,MMR002002,Demoso,နန်းမယ်ခုံ အ.ထ.က,2/4/2020,43.0,21.0,64
316,MMR002,Kayah,MMR002002,Demoso,ပန်ပက် အ.လ.က,2/4/2020,22.0,25.0,47
317,MMR002,Kayah,MMR002002,Demoso,မိုးလုံလေလုံ အားကစားရုံ,2/4/2020,16.0,0.0,16
318,MMR002,Kayah,MMR002003,Hpruso,မြို့နယ်ခန်းမ,2/4/2020,24.0,0.0,24
319,MMR002,Kayah,MMR002003,Hpruso,လောဘူးဒါး အ.လ.က(ခွဲ),2/4/2020,4.0,29.0,33
320,MMR002,Kayah,MMR002004,Shadaw,ရှားတော အ.ထ.က,2/4/2020,20.0,5.0,25
321,MMR002,Kayah,MMR002005,Bawlake,ဆေးရုံ (မိခင်ကလေးရုံးဟောင်း),2/4/2020,0.0,1.0,1
322,MMR002,Kayah,MMR002005,Bawlake,ရွာသစ် အ.ထ.က,2/4/2020,0.0,0.0,0
323,MMR002,Kayah,MMR002005,Bawlake,ရွာသစ်ခန်းမဆောင်,2/4/2020,0.0,0.0,0
324,MMR002,Kayah,MMR002006,Hpasawng,ဖားဆောင်း အ.ထ.က,2/4/2020,0.0,1.0,1
325,MMR002,Kayah,MMR002006,Hpasawng,လိုခါးလို ကြယ်ဖြူခန်းမ (မော်ချီး),2/4/2020,0.0,1.0,1
326,MMR002,Kayah,MMR002007,Mese,မယ်စဲ့မြို့နယ် ကျန်းမာရေးဌာနပိုင်အဆောက်အဦ,2/4/2020,3.0,3.0,6
327,MMR013,Yangon,MMR013029,Kungyangon,အမက(မူလွန်)ရေတိမ်,2/4/2020,null,null,1
328,MMR013,Yangon,MMR013029,Kungyangon,အမက(သောင်ခုန်),2/4/2020,null,null,1
329,MMR013,Yangon,MMR013029,Kungyangon,အမက(ခလောက်တရာ),2/4/2020,null,null,2
330,MMR013,Yangon,MMR013029,Kungyangon,အမက(ပြည်တော်သာ),2/4/2020,null,null,3
331,MMR013,Yangon,MMR013029,Kungyangon,အမက(ဘန့်ဘွေးငူ),2/4/2020,null,null,7
332,MMR013,Yangon,MMR013029,Kungyangon,အမက(တော်ကူးအရှေ့),2/4/2020,null,null,3
333,MMR013,Yangon,MMR013029,Kungyangon,အမကမူကြို(မဲဇလီဝ),2/4/2020,null,null,1
334,MMR013,Yangon,MMR013029,Kungyangon,အမက(စံပြသာယာ),2/4/2020,null,null,4
335,MMR013,Yangon,MMR013029,Kungyangon,အမက(တောင်ကုန်း),2/4/2020,null,null,1
336,MMR013,Yangon,MMR013029,Kungyangon,အမက(သီရိမင်္ဂလာ),2/4/2020,null,null,4
337,MMR013,Yangon,MMR013029,Kungyangon,အမက(မူလွန်)ကန်လျားရှည်,2/4/2020,null,null,3
338,MMR009,Magway,MMR009016,Aunglan,အထက (၁) အောင်လံ,1/4/2020,84.0,28.0,112
339,MMR009,Magway,MMR009016,Aunglan,အထက (၂) အောင်လံ,1/4/2020,41.0,19.0,60
340,MMR009,Magway,MMR009016,Aunglan,အထက (၃) အောင်လံ,1/4/2020,80.0,29.0,109
341,MMR009,Magway,MMR009016,Aunglan,စမ်းကလေးကျေးရွာ,1/4/2020,3.0,1.0,4
342,MMR009,Magway,MMR009016,Aunglan,တန်ဘိုးကျေးရွာ,1/4/2020,18.0,1.0,19
343,MMR009,Magway,MMR009016,Aunglan,ပိတောက်ကုန်းကျေးရွာ,1/4/2020,5.0,0.0,5
344,MMR009,Magway,MMR009016,Aunglan,ချောင်ကျေးရွာ,1/4/2020,2.0,0.0,2
345,MMR009,Magway,MMR009016,Aunglan,သံရွာကျေးရွာ,1/4/2020,2.0,0.0,2
346,MMR009,Magway,MMR009016,Aunglan,အင်းကုန်းကျေးရွာ,1/4/2020,10.0,16.0,26
347,MMR009,Magway,MMR009016,Aunglan,ပဒဲစာသင်ကျောင်း,1/4/2020,2.0,0.0,2
348,MMR009,Magway,MMR009016,Aunglan,စီဘုန်းကြီးကျောင်း,1/4/2020,5.0,0.0,5
349,MMR009,Magway,MMR009016,Aunglan,ဆေးပုလဲဘုန်းကြီးကျောင်း,1/4/2020,2.0,0.0,2
350,MMR009,Magway,MMR009016,Aunglan,ဒါးစမ်းကျေးရွာ,1/4/2020,1.0,1.0,2
351,MMR009,Magway,MMR009016,Aunglan,လက်ပံလှကျေးရွာ,1/4/2020,4.0,3.0,7
352,MMR009,Magway,MMR009016,Aunglan,ပြကြီးကျေးရွာ,1/4/2020,1.0,0.0,1
353,MMR009,Magway,MMR009016,Aunglan,ကျားမွေးကျေးရွာ,1/4/2020,1.0,1.0,2
354,MMR009,Magway,MMR009016,Aunglan,မုန်ညှင်းရိုးကျေးရွာ,1/4/2020,3.0,1.0,4
355,MMR009,Magway,MMR009016,Aunglan,သံဘို,1/4/2020,1.0,0.0,1
356,MMR009,Magway,MMR009016,Aunglan,ကျောက်စောင်း,1/4/2020,0.0,1.0,1
357,MMR009,Magway,MMR009016,Aunglan,ဆင်တုတ်,1/4/2020,2.0,0.0,2
358,MMR009,Magway,MMR009016,Aunglan,ဂွေးချိုကျေးရွာ,1/4/2020,1.0,1.0,2
359,MMR009,Magway,MMR009016,Aunglan,အင်တောသာကျေးရွာ,1/4/2020,3.0,4.0,7
360,MMR009,Magway,MMR009016,Aunglan,ထောက်ကြံ့တိုင်း,1/4/2020,7.0,2.0,9
361,MMR009,Magway,MMR009016,Aunglan,မအူခုံ,1/4/2020,1.0,0.0,1
362,MMR009,Magway,MMR009016,Aunglan,ပြလို့ကျေးရွာ,1/4/2020,2.0,1.0,3
363,MMR009,Magway,MMR009016,Aunglan,ညောင်ပင်ဆိပ်,1/4/2020,1.0,0.0,1
364,MMR009,Magway,MMR009016,Aunglan,ကျောက်ဆွယ်ကျိုး,1/4/2020,6.0,0.0,6
365,MMR009,Magway,MMR009016,Aunglan,ကွမ်းလောင်းကျေးရွာ,1/4/2020,4.0,0.0,4
366,MMR009,Magway,MMR009016,Aunglan,ကျော်စွာကျေးရွာ,1/4/2020,2.0,0.0,2
367,MMR009,Magway,MMR009016,Aunglan,ကံမလေးကျေးရွာ,1/4/2020,1.0,0.0,1
368,MMR009,Magway,MMR009016,Aunglan,ငါ့ပြင်းကျေးရွာ,1/4/2020,2.0,0.0,2
369,MMR009,Magway,MMR009016,Aunglan,စစ္စပါးကျေးရွာ,1/4/2020,2.0,0.0,2
370,MMR009,Magway,MMR009016,Aunglan,ကျီရပ်ကုန်းကျေးရွာ,1/4/2020,2.0,1.0,3
371,MMR009,Magway,MMR009016,Aunglan,ကျွဲသေကျေးရွာ,1/4/2020,4.0,0.0,4
372,MMR009,Magway,MMR009016,Aunglan,ရေပေါ်ကျေးရွာ,1/4/2020,15.0,2.0,17
373,MMR009,Magway,MMR009016,Aunglan,သံချိတ်ကျေးရွာ,1/4/2020,1.0,5.0,6
374,MMR009,Magway,MMR009016,Aunglan,မြို့လှကျေးရွာ,1/4/2020,14.0,12.0,26
375,MMR009,Magway,MMR009016,Aunglan,ရွှေပန်းတောကျေးရွာ,1/4/2020,4.0,2.0,6
376,MMR009,Magway,MMR009016,Aunglan,ပျဉ်ထောင်,1/4/2020,1.0,0.0,1
377,MMR009,Magway,MMR009016,Aunglan,ဗြန်ဒီကျေးရွာ,1/4/2020,2.0,0.0,2
378,MMR009,Magway,MMR009016,Aunglan,မဲခေါင်းကျေးရွာ,1/4/2020,8.0,0.0,8
379,MMR009,Magway,MMR009016,Aunglan,ကိုးတောင်,1/4/2020,2.0,0.0,2
380,MMR009,Magway,MMR009016,Aunglan,တလုတ်ပင်ကျေးရွာ,1/4/2020,10.0,2.0,12
381,MMR009,Magway,MMR009016,Aunglan,သမ္ဘူလ,1/4/2020,31.0,21.0,52
382,MMR009,Magway,MMR009016,Aunglan,သိုက်ရုံကျေးရွာ,1/4/2020,2.0,0.0,2
383,MMR009,Magway,MMR009016,Aunglan,ရွာမထုံးကျေးရွာ,1/4/2020,4.0,4.0,8
384,MMR009,Magway,MMR009016,Aunglan,အောင်မြေကုန်းကျေးရွာ,1/4/2020,1.0,0.0,1
385,MMR009,Magway,MMR009016,Aunglan,လက်ပံစမ်းကျေးရွာ,1/4/2020,18.0,0.0,18
386,MMR009,Magway,MMR009016,Aunglan,ဗိုလ်လှကုန်းကျေးရွာ,1/4/2020,46.0,23.0,69
387,MMR009,Magway,MMR009016,Aunglan,ကွင်းလှ,1/4/2020,2.0,3.0,5
388,MMR009,Magway,MMR009016,Aunglan,မောက်တင်ကျေးရွာ,1/4/2020,3.0,4.0,7
389,MMR009,Magway,MMR009016,Aunglan,သအီဝကျေးရွာ,1/4/2020,2.0,2.0,4
390,MMR009,Magway,MMR009016,Aunglan,မြေရိုးကျေးရွာ,1/4/2020,6.0,0.0,6
391,MMR009,Magway,MMR009016,Aunglan,သနပ်ကျေးရွာ,1/4/2020,6.0,3.0,9
392,MMR009,Magway,MMR009016,Aunglan,ကြက်ရုံလေး,1/4/2020,5.0,9.0,14
393,MMR009,Magway,MMR009016,Aunglan,ကြက်ရုံကြီး,1/4/2020,1.0,0.0,1
394,MMR009,Magway,MMR009016,Aunglan,စခန်းကြီး,1/4/2020,15.0,2.0,17
395,MMR009,Magway,MMR009016,Aunglan,မိုးကောင်းကျေးရွာ,1/4/2020,6.0,2.0,8
396,MMR009,Magway,MMR009016,Aunglan,ပုဏ္ဏားကျေးရွာ,1/4/2020,6.0,0.0,6
397,MMR009,Magway,MMR009016,Aunglan,ဥယျာဉ်ကျေးရွာ,1/4/2020,2.0,0.0,2
398,MMR009,Magway,MMR009016,Aunglan,နေအိမ်တွင် စောင့်ကြည့်ခံရသူ-ညောင်ပင်ဆိပ်,1/4/2020,null,null,259
399,MMR009,Magway,MMR009016,Aunglan,နေအိမ်တွင် စောင့်ကြည့်ခံရသူ-ပြလို့,1/4/2020,null,null,198
400,MMR009,Magway,MMR009016,Aunglan,နေအိမ်တွင် စောင့်ကြည့်ခံရသူ-မြို့မ,1/4/2020,null,null,86
401,MMR009,Magway,MMR009016,Aunglan,နေအိမ်တွင် စောင့်ကြည့်ခံရသူ-MCH,1/4/2020,null,null,83
402,MMR009,Magway,MMR009016,Aunglan,နေအိမ်တွင် စောင့်ကြည့်ခံရသူ-ရေနံကြီး,1/4/2020,null,null,326
403,MMR009,Magway,MMR009016,Aunglan,နေအိမ်တွင် စောင့်ကြည့်ခံရသူ-စီ,1/4/2020,null,null,97
404,MMR009,Magway,MMR009016,Aunglan,နေအိမ်တွင် စောင့်ကြည့်ခံရသူ-ကျောက်ပန်းတောင်း,1/4/2020,null,null,329
405,MMR009,Magway,MMR009016,Aunglan,နေအိမ်တွင် စောင့်ကြည့်ခံရသူ-ရွှေပန်းတော,1/4/2020,null,null,122
406,MMR009,Magway,MMR009016,Aunglan,နေအိမ်တွင် စောင့်ကြည့်ခံရသူ-သမ္ဘူလ,1/4/2020,null,null,285
407,MMR009,Magway,MMR009016,Aunglan,နေအိမ်တွင် စောင့်ကြည့်ခံရသူ-တလုတ်ပင်,1/4/2020,null,null,94
408,MMR009,Magway,MMR009016,Aunglan,နေအိမ်တွင် စောင့်ကြည့်ခံရသူ-အင်းလယ်,1/4/2020,null,null,39
409,MMR007,Bago (East),MMR007014,Htantabin,"ထန်းတပင်မြို့မ,အထကထန်းတပင်",30/3/2020,17.0,8.0,25
410,MMR007,Bago (East),MMR007014,Htantabin,အလကခွဲဆိပ်ကြီး,30/3/2020,7.0,1.0,8
411,MMR007,Bago (East),MMR007014,Htantabin,အမက ရေကျော်,30/3/2020,2.0,2.0,4
412,MMR007,Bago (East),MMR007014,Htantabin,အလက ကြံခင်း,30/3/2020,7.0,9.0,16
413,MMR007,Bago (East),MMR007014,Htantabin,အလက ချောင်းခြား,30/3/2020,13.0,6.0,19
414,MMR007,Bago (East),MMR007014,Htantabin,အလကကျီတော်,30/3/2020,8.0,2.0,10
415,MMR007,Bago (East),MMR007014,Htantabin,အထကနတ်ရွာ,30/3/2020,23.0,13.0,36
416,MMR007,Bago (East),MMR007014,Htantabin,အလကခွဲနှစ်တန့်ကူး,30/3/2020,20.0,17.0,37
417,MMR007,Bago (East),MMR007014,Htantabin,အထကဇရပ်ကြီး,30/3/2020,39.0,26.0,65
418,MMR007,Bago (East),MMR007014,Htantabin,အထကကင်းမွန်ချုံ,30/3/2020,13.0,7.0,20
419,MMR007,Bago (East),MMR007014,Htantabin,အမကဒါးဒေါက်,30/3/2020,6.0,2.0,8
420,MMR007,Bago (East),MMR007014,Htantabin,အထကခွဲအုန်းပင်,30/3/2020,13.0,11.0,24
421,MMR007,Bago (East),MMR007014,Htantabin,အမကအင်းယားကြီး,30/3/2020,7.0,11.0,18
422,MMR007,Bago (East),MMR007014,Htantabin,အမကသပြေကုန်း,30/3/2020,21.0,7.0,28
423,MMR007,Bago (East),MMR007014,Htantabin,အမကစပါးကျီ,30/3/2020,29.0,12.0,41
424,MMR007,Bago (East),MMR007014,Htantabin,အထကခွဲမြို့စိုး,30/3/2020,6.0,1.0,7
425,MMR007,Bago (East),MMR007014,Htantabin,အမကကြိမ်တောမြောင်,30/3/2020,15.0,3.0,18
426,MMR007,Bago (East),MMR007014,Htantabin,ငါ့းဆီးလှောင်,30/3/2020,4.0,2.0,6
427,MMR007,Bago (East),MMR007014,Htantabin,အမကကွေ့ကြီး,30/3/2020,2.0,null,2
428,MMR007,Bago (East),MMR007014,Htantabin,အလကခွဲခြံကြီး,30/3/2020,8.0,2.0,10
429,MMR007,Bago (East),MMR007014,Htantabin,အထကသရက်တန်း,30/3/2020,11.0,9.0,20
430,MMR007,Bago (East),MMR007014,Htantabin,အထက လှည်းလမ်းကူး,30/3/2020,39.0,17.0,56
431,MMR007,Bago (East),MMR007014,Htantabin,အမက ကြို့ကုန်း,30/3/2020,1.0,1.0,2
432,MMR007,Bago (East),MMR007014,Htantabin,အမကရှားစေးဘို,30/3/2020,2.0,2.0,4
433,MMR007,Bago (East),MMR007014,Htantabin,အလကခွဲ ဇလုပ်ကြီး,30/3/2020,17.0,2.0,19
434,MMR007,Bago (East),MMR007014,Htantabin,အထက ဇီးဖြူသောင်,30/3/2020,13.0,13.0,26
435,MMR015,Shan (North),MMR015002,Hseni,မိုင်းလီ (ရွာပြင်),1/4/2020,1.0,1.0,2
436,MMR016,Shan (North),MMR015003,Hseni,ပန်လော့ (ခန်းမ),1/4/2020,4.0,0.0,4
437,MMR017,Shan (North),MMR015004,Hseni,နမ့်တုတ် (ခန်းမ),1/4/2020,0.0,3.0,3
438,MMR003,Kayin,MMR003001,Hpa-An,လှာကမြင်,2/4/2020,null,null,46
439,MMR004,Kayin,MMR003002,Hpa-An,ထောင်ဝိ,2/4/2020,null,null,48
440,MMR005,Kayin,MMR003003,Hpa-An,စိုက်သိပ္ပံ,2/4/2020,null,null,35
441,MMR006,Kayin,MMR003004,Hpa-An,တောင်ကလေး,2/4/2020,null,null,103
442,MMR007,Kayin,MMR003005,Hpa-An,အုန်းဇာပင်,2/4/2020,null,null,52
443,MMR013,Yangon,MMR013022,Mingalartaungnyunt,နေအိမ်တွင် ထားရှိစောင့်ကြည့်ခံရသူ,2/4/2020,null,null,40
444,MMR014,Yangon,MMR013023,Mingalartaungnyunt,ဘာသာရေးအဆောက်အဦး,2/4/2020,null,null,1
445,MMR015,Yangon,MMR013024,Mingalartaungnyunt,အခြားနေရာများ,2/4/2020,null,null,7
446,MMR017,Shan (North),MMR015004,Hseni,နေအိမ်,25/3/2020,null,null,133
447,MMR018,Shan (North),MMR015005,Hseni,ဘာသာရေးအဆောက်အဦး,25/3/2020,null,null,9
448,MMR019,Shan (North),MMR015006,Hseni,အခြားနေရာများ,3/25/2020,null,null,16
449,MMR010,Mandalay,MMR010D001,Mandalay,ရွှေပြည်သာ ဟိုတယ်၊ မန္တလေး (Hotel Quarantine),2/4/2020,null,null,21
450,MMR010,Mandalay,MMR010022,Nyaung-U,ရာဇဂြိုလ်ဟိုတယ်၊ညောင်ဦး (Hotel Quarantine),2/4/2020,null,null,15
451,MMR010,Mandalay,MMR010022,Nyaung-U,လောကသစ္စာဟိုတယ်၊ ညောင်ဦး (Hotel Quarantine),2/4/2020,null,null,46
452,MMR010,Mandalay,MMR010022,Nyaung-U,ရွှေပိုးအိမ် ဟိုတယ်၊ ညောင်ဦး (Hotel Quarantine),2/4/2020,null,null,10
453,MMR010,Mandalay,MMR010D001,Mandalay,မန္တလေး၊ (Facility Quarantine),2/4/2020,null,null,183
454,MMR010,Mandalay,MMR010D002,Pyinoolwin,ပြင်ဦးလွင်  (Facility Quarantine),2/4/2020,null,null,538
455,MMR010,Mandalay,MMR010D003,Kyaukse,ကျောက်ဆည်  (Facility Quarantine),2/4/2020,null,null,132
456,MMR010,Mandalay,MMR010D004,Myingyan,မြင်းခြံ  (Facility Quarantine),2/4/2020,null,null,480
457,MMR010,Mandalay,MMR010D007,Meiktila,မိတ္ထီလာ  (Facility Quarantine),2/4/2020,null,null,1438
458,MMR010,Mandalay,MMR010D006,Yamethin,ရမည်းသင်း  (Facility Quarantine),2/4/2020,null,null,1495
459,MMR010,Mandalay,MMR010D005,Nyaung-U,ညောင်ဦး  (Facility Quarantine),2/4/2020,null,null,344
460,MMR001,Kachin,MMR001007,Mohnyin,အထက မော်ဟန်,3/4/2020,null,null,37
461,MMR001,Kachin,MMR001007,Mohnyin,အလက(ခွဲ) နန်ရင်း၊ ဟိုပင်မြို့,3/4/2020,null,null,9
462,MMR001,Kachin,MMR001007,Mohnyin,အထက မြို့မတောင် ၊ဟိုပင်မြို့,3/4/2020,null,null,21
463,MMR001,Kachin,MMR001007,Mohnyin,အထက ညောင်ကုန်း၊ နန်းမား,3/4/2020,null,null,17
464,MMR001,Kachin,MMR001007,Mohnyin,အလက(ခွဲ) မြို့မ ရန်အောင်၊ နန်းမား,3/4/2020,null,null,6
465,MMR001,Kachin,MMR001007,Mohnyin,အထက နန့်မွန်း၊ အင်းတော်ကြီး,3/4/2020,null,null,14
