,SR_PCODE,SR_NAME,SR_MM_NAME,TS_PCODE,TS_NAME,TS_MM_NAME,POP,Under_5_POP,Above_60_POP,MEAN_HH_Size,BED,PHYSNB,NURSNB,HSNB
0,MMR001,Kachin,ကချင်ပြည်နယ်,MMR001001,Myitkyina,မြစ်ကြီးနား,238394.0,28874,22276,5,575.0,70.0,283.0,6.0
1,MMR001,Kachin,ကချင်ပြည်နယ်,MMR001002,Waingmaw,ဝိုင်းမော်,114326.0,13777,8890,5,82.0,5.0,46.0,4.0
2,MMR001,Kachin,ကချင်ပြည်နယ်,MMR001003,Injangyang,အင်ဂျန်းယန်,8199.0,199,66,5,25.0,1.0,9.0,1.0
3,MMR001,Kachin,ကချင်ပြည်နယ်,MMR001004,Tanai,တနိုင်း,55368.0,6809,2569,6,66.0,8.0,36.0,5.0
4,MMR001,Kachin,ကချင်ပြည်နယ်,MMR001005,Chipwi,ချီဗွေ,20881.0,2689,1043,6,null,1.0,19.0,1.0
5,MMR001,Kachin,ကချင်ပြည်နယ်,MMR001006,Tsawlaw,ဆော့လော်,7428.0,960,421,6,25.0,1.0,8.0,1.0
6,MMR001,Kachin,ကချင်ပြည်နယ်,MMR001007,Mohnyin,မိုးညှင်း,204950.0,18731,16056,5,205.0,37.0,110.0,6.0
7,MMR001,Kachin,ကချင်ပြည်နယ်,MMR001008,Mogaung,မိုးကောင်း,140807.0,12999,10267,5,98.0,9.0,34.0,4.0
8,MMR001,Kachin,ကချင်ပြည်နယ်,MMR001009,Hpakant,ဖားကန့်,125033.0,25634,9756,5,null,15.0,52.0,5.0
9,MMR001,Kachin,ကချင်ပြည်နယ်,MMR001010,Bhamo,ဗန်းမော်,129327.0,12714,9895,5,216.0,57.0,163.0,7.0
10,MMR001,Kachin,ကချင်ပြည်နယ်,MMR001011,Shwegu,ရွှေကူ,87291.0,9612,6014,5,114.0,8.0,41.0,7.0
11,MMR001,Kachin,ကချင်ပြည်နယ်,MMR001012,Momauk,မိုးမောက်,84566.0,5941,5213,5,98.0,7.0,31.0,6.0
12,MMR001,Kachin,ကချင်ပြည်နယ်,MMR001013,Mansi,မန်စီ,77411.0,4999,3653,5,null,3.0,12.0,4.0
13,MMR001,Kachin,ကချင်ပြည်နယ်,MMR001014,Puta-O,ပူတာအို,63203.0,8081,4325,6,132.0,11.0,59.0,2.0
14,MMR001,Kachin,ကချင်ပြည်နယ်,MMR001015,Sumprabum,ဆွမ်ပရာဘွမ်,10428.0,304,164,5,50.0,1.0,5.0,0.0
15,MMR001,Kachin,ကချင်ပြည်နယ်,MMR001016,Machanbaw,မချမ်းဘော,9244.0,1257,666,5,41.0,3.0,17.0,2.0
16,MMR001,Kachin,ကချင်ပြည်နယ်,MMR001017,Nawngmun,နောင်မွန်း,5790.0,1033,561,6,null,1.0,11.0,1.0
17,MMR001,Kachin,ကချင်ပြည်နယ်,MMR001018,Khaunglanhpu,ခေါင်လန်ဖူး,13179.0,758,777,7,25.0,1.0,4.0,2.0
18,MMR002,Kayah,ကယားပြည်နယ်,MMR002001,Loikaw,လွိုင်ကော်,118683.0,13242,8512,5,532.0,86.0,260.0,4.0
19,MMR002,Kayah,ကယားပြည်နယ်,MMR002002,Demoso,ဒီမောဆို,86790.0,10426,4540,5,null,6.0,28.0,8.0
20,MMR002,Kayah,ကယားပြည်နယ်,MMR002003,Hpruso,ဖရူဆို,29651.0,4149,1756,5,41.0,4.0,15.0,5.0
21,MMR002,Kayah,ကယားပြည်နယ်,MMR002004,Shadaw,ရှားတော,7076.0,837,471,5,41.0,3.0,13.0,2.0
22,MMR002,Kayah,ကယားပြည်နယ်,MMR002005,Bawlakhe,ဘောလခဲ,7508.0,1056,523,4,50.0,5.0,13.0,2.0
23,MMR002,Kayah,ကယားပြည်နယ်,MMR002006,Hpasawng,ဖားဆောင်း,22490.0,3047,1111,5,41.0,5.0,15.0,1.0
24,MMR002,Kayah,ကယားပြည်နယ်,MMR002007,Mese,မယ်စဲ့,6835.0,729,266,4,41.0,4.0,14.0,1.0
25,MMR003,Kayin,ကရင်ပြည်နယ်,MMR003001,Hpa-An,ဘားအံ,396707.0,46570,41354,5,289.0,13.0,33.0,15.0
26,MMR003,Kayin,ကရင်ပြည်နယ်,MMR003002,Hlaingbwe,လှိုင်းဘွဲ့,276108.0,33365,24100,5,139.0,8.0,61.0,10.0
27,MMR003,Kayin,ကရင်ပြည်နယ်,MMR003003,Hpapun,ဖာပွန်,115755.0,4021,2105,5,141.0,9.0,62.0,4.0
28,MMR003,Kayin,ကရင်ပြည်နယ်,MMR003004,Thandaunggyi,သံတောင်ကြီး,88728.0,12649,5647,5,82.0,7.0,27.0,6.0
29,MMR003,Kayin,ကရင်ပြည်နယ်,MMR003005,Myawaddy,မြဝတီ,132346.0,24388,10421,5,164.0,22.0,67.0,3.0
30,MMR003,Kayin,ကရင်ပြည်နယ်,MMR003006,Kawkareik,ကော့ကရိတ်,239907.0,24938,21172,5,173.0,24.0,62.0,5.0
31,MMR003,Kayin,ကရင်ပြည်နယ်,MMR003007,Kyainseikgyi,ကြာအင်းဆိပ်ကြီး,246065.0,30586,17518,5,123.0,9.0,44.0,9.0
32,MMR004,Chin,ချင်းပြည်နယ်,MMR004001,Falam,ဖလမ်း,53170.0,5893,3875,5,248.0,20.0,110.0,1.0
33,MMR004,Chin,ချင်းပြည်နယ်,MMR004002,Hakha,ဟားခါး,45857.0,5679,4365,5,216.0,29.0,124.0,2.0
34,MMR004,Chin,ချင်းပြည်နယ်,MMR004003,Thantlang,ထန်တလန်,51857.0,7064,4242,5,114.0,4.0,25.0,8.0
35,MMR004,Chin,ချင်းပြည်နယ်,MMR004004,Tedim,တီးတိန်,96624.0,12044,5684,6,148.0,11.0,99.0,11.0
36,MMR004,Chin,ချင်းပြည်နယ်,MMR004005,Tonzang,တွန်းဇံ,32650.0,4822,1846,6,25.0,3.0,22.0,4.0
37,MMR004,Chin,ချင်းပြည်နယ်,MMR004006,Mindat,မင်းတပ်,46249.0,6506,3246,5,132.0,14.0,74.0,6.0
38,MMR004,Chin,ချင်းပြည်နယ်,MMR004007,Matupi,မတူပီ,56287.0,6812,4766,5,98.0,4.0,45.0,4.0
39,MMR004,Chin,ချင်းပြည်နယ်,MMR004008,Kanpetlet,ကန်ပက်လက်,23007.0,3463,1369,5,66.0,3.0,23.0,3.0
40,MMR004,Chin,ချင်းပြည်နယ်,MMR004009,Paletwa,ပလက်ဝ,98583.0,13657,6403,5,82.0,5.0,27.0,5.0
41,MMR005,Sagaing,စစ်ကိုင်းတိုင်းဒေသကြီး,MMR005001,Sagaing,စစ်ကိုင်း,282082.0,21749,34557,4,264.0,9.0,3.0,8.0
42,MMR005,Sagaing,စစ်ကိုင်းတိုင်းဒေသကြီး,MMR005002,Myinmu,မြင်းမူ,114794.0,7415,13563,4,82.0,8.0,18.0,3.0
43,MMR005,Sagaing,စစ်ကိုင်းတိုင်းဒေသကြီး,MMR005003,Myaung,မြောင်,112466.0,7616,13842,4,82.0,9.0,19.0,6.0
44,MMR005,Sagaing,စစ်ကိုင်းတိုင်းဒေသကြီး,MMR005004,Shwebo,ရွှေဘို,261875.0,19450,27701,5,264.0,75.0,102.0,10.0
45,MMR005,Sagaing,စစ်ကိုင်းတိုင်းဒေသကြီး,MMR005005,Khin-U,ခင်ဦး,151308.0,11690,15073,4,57.0,7.0,13.0,7.0
46,MMR005,Sagaing,စစ်ကိုင်းတိုင်းဒေသကြီး,MMR005006,Wetlet,ဝက်လက်,209375.0,14579,23860,4,73.0,8.0,19.0,7.0
47,MMR005,Sagaing,စစ်ကိုင်းတိုင်းဒေသကြီး,MMR005007,Kanbalu,ကန့်ဘလူ,294015.0,26523,23823,5,148.0,25.0,38.0,8.0
48,MMR005,Sagaing,စစ်ကိုင်းတိုင်းဒေသကြီး,MMR005008,Kyunhla,ကျွန်းလှ,94713.0,9772,8055,5,130.0,10.0,26.0,6.0
49,MMR005,Sagaing,စစ်ကိုင်းတိုင်းဒေသကြီး,MMR005009,Ye-U,ရေဦး,136418.0,10002,14468,4,150.0,35.0,95.0,6.0
50,MMR005,Sagaing,စစ်ကိုင်းတိုင်းဒေသကြီး,MMR005010,Tabayin,ဒီပဲယင်း,177186.0,12509,15785,5,89.0,9.0,15.0,6.0
51,MMR005,Sagaing,စစ်ကိုင်းတိုင်းဒေသကြီး,MMR005011,Taze,တန့်ဆည်,179778.0,15385,18818,5,89.0,12.0,16.0,8.0
52,MMR005,Sagaing,စစ်ကိုင်းတိုင်းဒေသကြီး,MMR005012,Monywa,မုံရွာ,344672.0,26716,37427,5,732.0,10.0,10.0,14.0
53,MMR005,Sagaing,စစ်ကိုင်းတိုင်းဒေသကြီး,MMR005013,Budalin,ဘုတလင်,141974.0,10081,15484,4,82.0,8.0,27.0,5.0
54,MMR005,Sagaing,စစ်ကိုင်းတိုင်းဒေသကြီး,MMR005014,Ayadaw,အရာတော်,160411.0,12085,18270,4,57.0,5.0,20.0,5.0
55,MMR005,Sagaing,စစ်ကိုင်းတိုင်းဒေသကြီး,MMR005015,Chaung-U,ချောင်းဦး,106751.0,7983,12316,4,57.0,12.0,14.0,3.0
56,MMR005,Sagaing,စစ်ကိုင်းတိုင်းဒေသကြီး,MMR005016,Yinmabin,ယင်းမာပင်,150123.0,11510,14613,5,82.0,6.0,17.0,4.0
57,MMR005,Sagaing,စစ်ကိုင်းတိုင်းဒေသကြီး,MMR005017,Kani,ကနီ,143843.0,11387,12975,5,73.0,7.0,19.0,6.0
58,MMR005,Sagaing,စစ်ကိုင်းတိုင်းဒေသကြီး,MMR005018,Salingyi,ဆားလင်းကြီး,13201.0,9089,13888,4,73.0,7.0,20.0,5.0
59,MMR005,Sagaing,စစ်ကိုင်းတိုင်းဒေသကြီး,MMR005019,Pale,ပုလဲ,156269.0,12310,15590,4,57.0,5.0,17.0,6.0
60,MMR005,Sagaing,စစ်ကိုင်းတိုင်းဒေသကြီး,MMR005020,Katha,ကသာ,160623.0,17122,11029,5,180.0,28.0,38.0,6.0
61,MMR005,Sagaing,စစ်ကိုင်းတိုင်းဒေသကြီး,MMR005021,Indaw,အင်းတော်,125096.0,11922,9832,5,56.0,6.0,8.0,3.0
62,MMR005,Sagaing,စစ်ကိုင်းတိုင်းဒေသကြီး,MMR005022,Tigyaing,ထီးချိုင့်,120370.0,12322,9422,5,139.0,11.0,16.0,5.0
63,MMR005,Sagaing,စစ်ကိုင်းတိုင်းဒေသကြီး,MMR005023,Banmauk,ဗန်းမောက်,101055.0,13376,6853,5,57.0,7.0,15.0,4.0
64,MMR005,Sagaing,စစ်ကိုင်းတိုင်းဒေသကြီး,MMR005024,Kawlin,ကောလင်း,151435.0,12260,12381,5,98.0,6.0,12.0,8.0
65,MMR005,Sagaing,စစ်ကိုင်းတိုင်းဒေသကြီး,MMR005025,Wuntho,ဝန်းသို,73636.0,7377,5851,5,57.0,8.0,10.0,2.0
66,MMR005,Sagaing,စစ်ကိုင်းတိုင်းဒေသကြီး,MMR005026,Pinlebu,ပင်လည်ဘူး,119352.0,12014,8723,5,57.0,9.0,12.0,4.0
67,MMR005,Sagaing,စစ်ကိုင်းတိုင်းဒေသကြီး,MMR005027,Kale,ကလေး,338079.0,33570,26405,5,348.0,81.0,136.0,8.0
68,MMR005,Sagaing,စစ်ကိုင်းတိုင်းဒေသကြီး,MMR005028,Kalewa,ကလေးဝ,57096.0,5044,4329,5,41.0,4.0,7.0,6.0
69,MMR005,Sagaing,စစ်ကိုင်းတိုင်းဒေသကြီး,MMR005029,Mingin,မင်းကင်း,106874.0,10119,8570,5,114.0,9.0,18.0,8.0
70,MMR005,Sagaing,စစ်ကိုင်းတိုင်းဒေသကြီး,MMR005030,Tamu,တမူး,112197.0,13447,7111,5,173.0,28.0,39.0,5.0
71,MMR005,Sagaing,စစ်ကိုင်းတိုင်းဒေသကြီး,MMR005031,Mawlaik,မော်လိုက်,51037.0,5114,4155,5,82.0,6.0,6.0,2.0
72,MMR005,Sagaing,စစ်ကိုင်းတိုင်းဒေသကြီး,MMR005032,Paungbyin,ဖေါင်းပြင်,107891.0,13454,8631,6,null,7.0,17.0,4.0
73,MMR005,Sagaing,စစ်ကိုင်းတိုင်းဒေသကြီး,MMR005033,Hkamti,ခန္တီး,35903.0,4843,2031,5,116.0,20.0,26.0,2.0
74,MMR005,Sagaing,စစ်ကိုင်းတိုင်းဒေသကြီး,MMR005034,Homalin,ဟုမ္မလင်း,205792.0,30992,12772,6,228.0,24.0,49.0,12.0
75,MMR005,Sagaing,စစ်ကိုင်းတိုင်းဒေသကြီး,MMR005035,Lay Shi,လေရှီး,18140.0,2471,935,5,41.0,5.0,12.0,3.0
76,MMR005,Sagaing,စစ်ကိုင်းတိုင်းဒေသကြီး,MMR005036,Lahe,လဟယ်,54713.0,6395,3095,6,91.0,3.0,9.0,4.0
77,MMR005,Sagaing,စစ်ကိုင်းတိုင်းဒေသကြီး,MMR005037,Nanyun,နန်းယွန်း,54378.0,7055,2907,6,57.0,9.0,8.0,3.0
78,MMR006,Tanintharyi,တနင်္သာရီတိုင်းဒေသကြီး,MMR006001,Dawei,ထားဝယ်,134138.0,12965,14544,5,216.0,9.0,46.0,7.0
79,MMR006,Tanintharyi,တနင်္သာရီတိုင်းဒေသကြီး,MMR006002,Launglon,လောင်းလုံ,105987.0,11610,14133,5,null,6.0,18.0,6.0
80,MMR006,Tanintharyi,တနင်္သာရီတိုင်းဒေသကြီး,MMR006003,Thayetchaung,သရက်ချောင်း,121637.0,10359,12226,5,57.0,5.0,22.0,3.0
81,MMR006,Tanintharyi,တနင်္သာရီတိုင်းဒေသကြီး,MMR006004,Yebyu,ရေဖြူ,119458.0,12739,10356,4,73.0,4.0,29.0,4.0
82,MMR006,Tanintharyi,တနင်္သာရီတိုင်းဒေသကြီး,MMR006005,Myeik,မြိတ်,255796.0,27430,21123,5,200.0,89.0,40.0,10.0
83,MMR006,Tanintharyi,တနင်္သာရီတိုင်းဒေသကြီး,MMR006006,Kyunsu,ကျွန်းစု,175234.0,21532,8464,5,0.0,6.0,26.0,5.0
84,MMR006,Tanintharyi,တနင်္သာရီတိုင်းဒေသကြီး,MMR006007,Palaw,ပုလော,1321726.0,14103,10594,5,130.0,10.0,48.0,5.0
85,MMR006,Tanintharyi,တနင်္သာရီတိုင်းဒေသကြီး,MMR006008,Tanintharyi,တနင်္သာရီ,97869.0,12625,6109,5,82.0,5.0,23.0,5.0
86,MMR006,Tanintharyi,တနင်္သာရီတိုင်းဒေသကြီး,MMR006009,Kawthoung,ကော့သောင်း,106910.0,14553,8200,4,164.0,25.0,69.0,8.0
87,MMR006,Tanintharyi,တနင်္သာရီတိုင်းဒေသကြီး,MMR006010,Bokpyin,ဘုတ်ပြင်း,63081.0,9902,3302,5,82.0,4.0,18.0,3.0
88,MMR009,Magway,မကွေးတိုင်းဒေသကြီး,MMR009001,Magway,မကွေး,293489.0,23334,29330,4,500.0,73.0,326.0,11.0
89,MMR009,Magway,မကွေးတိုင်းဒေသကြီး,MMR009002,Yenangyaung,ရေနံချောင်း,155016.0,10834,16474,4,98.0,9.0,24.0,8.0
90,MMR009,Magway,မကွေးတိုင်းဒေသကြီး,MMR009003,Chauk,ချောက်,212733.0,14570,22270,4,248.0,7.0,24.0,12.0
91,MMR009,Magway,မကွေးတိုင်းဒေသကြီး,MMR009004,Taungdwingyi,တောင်တွင်းကြီး,266275.0,22102,26329,4,82.0,9.0,26.0,9.0
92,MMR009,Magway,မကွေးတိုင်းဒေသကြီး,MMR009005,Myothit,မြို့သစ်,179544.0,15055,16487,4,null,12.0,26.0,8.0
93,MMR009,Magway,မကွေးတိုင်းဒေသကြီး,MMR009006,Natmauk,နတ်မောက်,236885.0,18417,25123,4,82.0,5.0,21.0,8.0
94,MMR009,Magway,မကွေးတိုင်းဒေသကြီး,MMR009007,Minbu,မင်းဘူး,180536.0,14714,18053,4,null,82.0,289.0,12.0
95,MMR009,Magway,မကွေးတိုင်းဒေသကြီး,MMR009008,Pwintbyu,ပွင့်ဖြူ,177392.0,13746,16162,4,73.0,8.0,27.0,8.0
96,MMR009,Magway,မကွေးတိုင်းဒေသကြီး,MMR009009,Ngape,ငဖဲ,51806.0,5217,4827,4,41.0,6.0,19.0,4.0
97,MMR009,Magway,မကွေးတိုင်းဒေသကြီး,MMR009010,Salin,စလင်း,250250.0,19213,24849,4,123.0,14.0,38.0,8.0
98,MMR009,Magway,မကွေးတိုင်းဒေသကြီး,MMR009011,Sidoktaya,စေတုတ္တရာ,45297.0,4400,5043,4,41.0,5.0,15.0,3.0
99,MMR009,Magway,မကွေးတိုင်းဒေသကြီး,MMR009012,Thayet,သရက်,104580.0,7169,11634,4,116.0,23.0,38.0,5.0
100,MMR009,Magway,မကွေးတိုင်းဒေသကြီး,MMR009013,Minhla,မင်းလှ,122903.0,11338,12745,4,114.0,6.0,20.0,8.0
101,MMR009,Magway,မကွေးတိုင်းဒေသကြီး,MMR009014,Mindon,မင်းတုန်း,62118.0,4138,9082,4,57.0,5.0,21.0,10.0
102,MMR009,Magway,မကွေးတိုင်းဒေသကြီး,MMR009015,Kamma,ကံမ,73473.0,5298,9463,4,57.0,6.0,14.0,4.0
103,MMR009,Magway,မကွေးတိုင်းဒေသကြီး,MMR009016,Aunglan,အောင်လံ,235935.0,18499,22878,4,130.0,11.0,32.0,9.0
104,MMR009,Magway,မကွေးတိုင်းဒေသကြီး,MMR009017,Sinbaungwe,ဆင်ပေါင်ဝဲ,117588.0,9911,11838,4,73.0,4.0,null,99.0
105,MMR009,Magway,မကွေးတိုင်းဒေသကြီး,MMR009018,Pakokku,ပခုက္ကူ,318751.0,23952,33280,4,264.0,103.0,203.0,11.0
106,MMR009,Magway,မကွေးတိုင်းဒေသကြီး,MMR009019,Yesagyo,ရေစကြို,246608.0,18522,25803,5,180.0,24.0,62.0,13.0
107,MMR009,Magway,မကွေးတိုင်းဒေသကြီး,MMR009020,Myaing,မြိုင်,271726.0,19972,27735,4,98.0,9.0,36.0,11.0
108,MMR009,Magway,မကွေးတိုင်းဒေသကြီး,MMR009021,Pauk,ပေါက်,182785.0,16962,16585,4,73.0,7.0,27.0,9.0
109,MMR009,Magway,မကွေးတိုင်းဒေသကြီး,MMR009022,Seikphyu,ဆိပ်ဖြူ,107834.0,9752,9934,4,82.0,6.0,29.0,4.0
110,MMR009,Magway,မကွေးတိုင်းဒေသကြီး,MMR009023,Gangaw,ဂန့်ဂေါ,null,10787,12757,4,180.0,null,null,null
111,MMR009,Magway,မကွေးတိုင်းဒေသကြီး,MMR009024,Tilin,ထီးလင်း,50033.0,3331,7107,5,73.0,7.0,32.0,4.0
112,MMR009,Magway,မကွေးတိုင်းဒေသကြီး,MMR009025,Saw,ဆော,69586.0,5026,8710,4,57.0,6.0,26.0,6.0
113,MMR010,Mandalay,မန္တလေးတိုင်းဒေသကြီး,MMR010001,Aungmyaythazan,အောင်မြေသာဇံ,183966.0,16712,22320,5,null,11.0,5.0,1.0
114,MMR010,Mandalay,မန္တလေးတိုင်းဒေသကြီး,MMR010002,Chanayethazan,ချမ်းအေးသာဇံ,148027.0,9980,17627,5,2950.0,7.0,5.0,1.0
115,MMR010,Mandalay,မန္တလေးတိုင်းဒေသကြီး,MMR010003,Mahaaungmyay,မဟာအောင်မြေ,null,15104,18466,5,16.0,null,null,null
116,MMR010,Mandalay,မန္တလေးတိုင်းဒေသကြီး,MMR010004,Chanmyathazi,ချမ်းမြသာစည်,215394.0,20903,20851,5,1000.0,106.0,9.0,1.0
117,MMR010,Mandalay,မန္တလေးတိုင်းဒေသကြီး,MMR010005,Pyigyitagon,ပြည်ကြီးတံခွန်,154822.0,19744,14695,5,null,6.0,2.0,0.0
118,MMR010,Mandalay,မန္တလေးတိုင်းဒေသကြီး,MMR010006,Amarapura,အမရပူရ,185305.0,19243,20145,5,123.0,9.0,19.0,5.0
119,MMR010,Mandalay,မန္တလေးတိုင်းဒေသကြီး,MMR010007,Patheingyi,ပုသိမ်ကြီး,212526.0,24484,18205,5,273.0,12.0,14.0,6.0
120,MMR010,Mandalay,မန္တလေးတိုင်းဒေသကြီး,MMR010008,Pyinoolwin,ပြင်ဦးလွင်,179498.0,19915,18652,4,366.0,109.0,168.0,8.0
121,MMR010,Mandalay,မန္တလေးတိုင်းဒေသကြီး,MMR010009,Madaya,မတ္တရာ,null,23486,21088,4,330.0,14.0,24.0,7.0
122,MMR010,Mandalay,မန္တလေးတိုင်းဒေသကြီး,MMR010010,Singu,စဉ့်ကူး,143756.0,14850,12277,5,98.0,11.0,18.0,6.0
123,MMR010,Mandalay,မန္တလေးတိုင်းဒေသကြီး,MMR010011,Mogoke,မိုးကုတ်,171564.0,13946,13895,5,116.0,27.0,51.0,4.0
124,MMR010,Mandalay,မန္တလေးတိုင်းဒေသကြီး,MMR010012,Thabeikkyin,သပိတ်ကျဉ်း,125776.0,17568,8416,5,null,14.0,19.0,4.0
125,MMR010,Mandalay,မန္တလေးတိုင်းဒေသကြီး,MMR010013,Kyaukse,ကျောက်ဆည်,258490.0,21972,20910,4,291.0,68.0,111.0,7.0
126,MMR010,Mandalay,မန္တလေးတိုင်းဒေသကြီး,MMR010014,Sintgaing,စဉ့်ကိုင်,132858.0,12181,13818,4,66.0,10.0,14.0,3.0
127,MMR010,Mandalay,မန္တလေးတိုင်းဒေသကြီး,MMR010015,Myittha,မြစ်သား,193203.0,16171,17539,4,123.0,14.0,28.0,5.0
128,MMR010,Mandalay,မန္တလေးတိုင်းဒေသကြီး,MMR010016,Tada-U,တံတားဦး,140700.0,11275,15260,4,98.0,13.0,26.0,6.0
129,MMR010,Mandalay,မန္တလေးတိုင်းဒေသကြီး,MMR010017,Myingyan,မြင်းခြံ,281489.0,20138,31755,4,148.0,38.0,59.0,9.0
130,MMR010,Mandalay,မန္တလေးတိုင်းဒေသကြီး,MMR010018,Taungtha,တောင်သာ,245196.0,17454,25757,4,114.0,13.0,25.0,8.0
131,MMR010,Mandalay,မန္တလေးတိုင်းဒေသကြီး,MMR010019,Natogyi,နွားထိုးကြီး,202284.0,13918,21622,4,98.0,9.0,20.0,8.0
132,MMR010,Mandalay,မန္တလေးတိုင်းဒေသကြီး,MMR010020,Kyaukpadaung,ကျောက်ပန်းတောင်း,291561.0,21729,32138,4,150.0,9.0,27.0,9.0
133,MMR010,Mandalay,မန္တလေးတိုင်းဒေသကြီး,MMR010021,Ngazun,ငါန်းဇွန်,140501.0,9718,16003,4,82.0,8.0,18.0,7.0
134,MMR010,Mandalay,မန္တလေးတိုင်းဒေသကြီး,MMR010022,Nyaung-U,ညောင်ဦး,247958.0,18047,27676,4,264.0,54.0,125.0,13.0
135,MMR010,Mandalay,မန္တလေးတိုင်းဒေသကြီး,MMR010023,Yamethin,ရမည်းသင်း,253940.0,19832,24714,4,0.0,37.0,66.0,7.0
136,MMR010,Mandalay,မန္တလေးတိုင်းဒေသကြီး,MMR010024,Pyawbwe,ပျော်ဘွယ်,272838.0,21751,27559,4,162.0,13.0,26.0,7.0
137,MMR010,Mandalay,မန္တလေးတိုင်းဒေသကြီး,MMR010028,Meiktila,မိတ္ထီလာ,299943.0,25219,34059,4,232.0,94.0,134.0,14.0
138,MMR010,Mandalay,မန္တလေးတိုင်းဒေသကြီး,MMR010029,Mahlaing,မလှိုင်,175373.0,11380,18921,4,98.0,12.0,21.0,6.0
139,MMR010,Mandalay,မန္တလေးတိုင်းဒေသကြီး,MMR010030,Thazi,သာစည်,198449.0,18512,19612,4,125.0,12.0,20.0,5.0
140,MMR010,Mandalay,မန္တလေးတိုင်းဒေသကြီး,MMR010031,Wundwin,ဝမ်းတွင်း,235575.0,17201,26379,4,98.0,12.0,23.0,6.0
141,MMR011,Mon,မွန်ပြည်နယ်,MMR011001,Mawlamyine,မော်လမြိုင်,258003.0,22510,30573,5,748.0,38.0,27.0,6.0
142,MMR011,Mon,မွန်ပြည်နယ်,MMR011002,Kyaikmaraw,ကျိုက္မရော,222091.0,21997,19040,5,null,5.0,13.0,7.0
143,MMR011,Mon,မွန်ပြည်နယ်,MMR011003,Chaungzon,ချောင်းဆုံ,null,10653,15205,4,98.0,9.0,39.0,8.0
144,MMR011,Mon,မွန်ပြည်နယ်,MMR011004,Thanbyuzayat,သံဖြူဇရပ်,160538.0,15215,17401,5,130.0,16.0,41.0,6.0
145,MMR011,Mon,မွန်ပြည်နယ်,MMR011005,Mudon,မုဒုံ,185012.0,16512,22665,5,41.0,21.0,29.0,9.0
146,MMR011,Mon,မွန်ပြည်နယ်,MMR011006,Ye,ရေး,265142.0,25564,24579,5,164.0,1.0,2.0,7.0
147,MMR011,Mon,မွန်ပြည်နယ်,MMR011007,Thaton,သထုံ,233867.0,23753,21816,5,116.0,18.0,89.0,5.0
148,MMR011,Mon,မွန်ပြည်နယ်,MMR011008,Paung,ပေါင်,null,21592,21775,5,130.0,10.0,34.0,11.0
149,MMR011,Mon,မွန်ပြည်နယ်,MMR011009,Kyaikto,ကျိုက်ထို,156091.0,18149,14079,4,82.0,8.0,20.0,20.0
150,MMR011,Mon,မွန်ပြည်နယ်,MMR011010,Bilin,ဘီးလင်း,187465.0,18210,16348,4,89.0,10.0,29.0,10.0
151,MMR012,Rakhine,ရခိုင်ပြည်နယ်,MMR012001,Sittwe,စစ်တွေ,229376.0,10720,12309,5,516.0,70.0,208.0,9.0
152,MMR012,Rakhine,ရခိုင်ပြည်နယ်,MMR012002,Ponnagyun,ပုဏ္ဏားကျွန်း,137845.0,11296,11425,5,73.0,6.0,42.0,5.0
153,MMR012,Rakhine,ရခိုင်ပြည်နယ်,MMR012003,Mrauk-U,မြောက်ဦး,232434.0,16028,16418,5,148.0,7.0,40.0,8.0
154,MMR012,Rakhine,ရခိုင်ပြည်နယ်,MMR012004,Kyauktaw,ကျောက်တော်,217867.0,15320,16719,5,82.0,5.0,14.0,6.0
155,MMR012,Rakhine,ရခိုင်ပြည်နယ်,MMR012005,Minbya,မင်းပြား,216234.0,15087,13910,5,82.0,7.0,32.0,7.0
156,MMR012,Rakhine,ရခိုင်ပြည်နယ်,MMR012006,Myebon,မြေပုံ,143886.0,13649,11279,4,114.0,5.0,19.0,8.0
157,MMR012,Rakhine,ရခိုင်ပြည်နယ်,MMR012007,Pauktaw,ပေါက်တော,187000.0,12375,10801,5,41.0,4.0,12.0,6.0
158,MMR012,Rakhine,ရခိုင်ပြည်နယ်,MMR012008,Rathedaung,ရသေ့တောင်,136716.0,8926,11056,5,41.0,4.0,15.0,6.0
159,MMR012,Rakhine,ရခိုင်ပြည်နယ်,MMR012009,Maungdaw,မောင်တော,528812.0,4026,2505,5,114.0,11.0,31.0,5.0
160,MMR012,Rakhine,ရခိုင်ပြည်နယ်,MMR012010,Buthidaung,ဘူးသီးတောင်,308144.0,5847,3536,5,82.0,7.0,26.0,7.0
161,MMR012,Rakhine,ရခိုင်ပြည်နယ်,MMR012011,Kyaukpyu,ကျောက်ဖြူ,167025.0,14019,18633,4,232.0,22.0,51.0,6.0
162,MMR012,Rakhine,ရခိုင်ပြည်နယ်,MMR012012,Munaung,မာန်အောင်,60873.0,3721,11080,4,82.0,5.0,35.0,7.0
163,MMR012,Rakhine,ရခိုင်ပြည်နယ်,MMR012013,Ramree,ရမ်းဗြဲ,98270.0,7778,13833,4,130.0,8.0,28.0,7.0
164,MMR012,Rakhine,ရခိုင်ပြည်နယ်,MMR012014,Ann,အမ်း,115909.0,12496,9972,4,148.0,12.0,36.0,6.0
165,MMR012,Rakhine,ရခိုင်ပြည်နယ်,MMR012015,Thandwe,သံတွဲ,116465.0,9500,16776,4,173.0,28.0,49.0,11.0
166,MMR012,Rakhine,ရခိုင်ပြည်နယ်,MMR012016,Toungup,တောင်ကုတ်,149332.0,13680,16861,4,164.0,10.0,66.0,5.0
167,MMR012,Rakhine,ရခိုင်ပြည်နယ်,MMR012017,Gwa,ဂွ,63921.0,4619,9402,4,82.0,5.0,55.0,5.0
168,MMR013,Yangon,ရန်ကုန်ဒေသကြီး,MMR013001,Insein,အင်းစိန်,259771.0,19282,27228,5,900.0,6.0,6.0,2.0
169,MMR013,Yangon,ရန်ကုန်ဒေသကြီး,MMR013002,Mingaladon,မင်္ဂလာဒုံ,255807.0,23080,25497,4,150.0,3.0,2.0,3.0
170,MMR013,Yangon,ရန်ကုန်ဒေသကြီး,MMR013003,Hmawbi,မှော်ဘီ,191020.0,20298,19493,4,82.0,7.0,21.0,5.0
171,MMR013,Yangon,ရန်ကုန်ဒေသကြီး,MMR013004,Hlegu,လှည်းကူး,233392.0,24000,20318,4,198.0,15.0,80.0,12.0
172,MMR013,Yangon,ရန်ကုန်ဒေသကြီး,MMR013005,Taikkyi,တိုက်ကြီး,267597.0,24544,25317,4,114.0,9.0,15.0,6.0
173,MMR013,Yangon,ရန်ကုန်ဒေသကြီး,MMR013006,Htantabin,ထန်းတပင်,131366.0,13678,10896,4,196.0,5.0,10.0,4.0
174,MMR013,Yangon,ရန်ကုန်ဒေသကြီး,MMR013007,Shwepyithar,ရွှေပြည်သာ,273721.0,26853,26304,5,35.0,4.0,13.0,2.0
175,MMR013,Yangon,ရန်ကုန်ဒေသကြီး,MMR013008,Hlaingtharya,လှိုင်သာယာ,414209.0,54729,37753,5,216.0,11.0,22.0,1.0
176,MMR013,Yangon,ရန်ကုန်ဒေသကြီး,MMR013009,Thingangyun,သင်္ဃန်းကျွန်း,202140.0,12111,22057,5,500.0,8.0,3.0,1.0
177,MMR013,Yangon,ရန်ကုန်ဒေသကြီး,MMR013010,Yankin,ရန်ကင်း,66949.0,3574,8505,5,550.0,8.0,4.0,2.0
178,MMR013,Yangon,ရန်ကုန်ဒေသကြီး,MMR013011,South Okkalapa,တောင်ဥက္ကလာပ,154068.0,8064,18414,5,150.0,26.0,39.0,3.0
179,MMR013,Yangon,ရန်ကုန်ဒေသကြီး,MMR013012,North Okkalapa,မြောက်ဥက္ကလာပ,282530.0,20483,31385,5,1000.0,25.0,8.0,2.0
180,MMR013,Yangon,ရန်ကုန်ဒေသကြီး,MMR013013,Thaketa,သာကေတ,220599.0,12854,21431,5,100.0,9.0,22.0,0.0
181,MMR013,Yangon,ရန်ကုန်ဒေသကြီး,MMR013014,Dawbon,ဒေါပုံ,74979.0,5433,6152,5,null,2.0,2.0,2.0
182,MMR013,Yangon,ရန်ကုန်ဒေသကြီး,MMR013015,Tamwe,တာမွေ,166782.0,8310,19213,4,300.0,2.0,11.0,1.0
183,MMR013,Yangon,ရန်ကုန်ဒေသကြီး,MMR013016,Pazundaung,ပုဇွန်တောင်,44779.0,2200,6137,4,null,5.0,7.0,3.0
184,MMR013,Yangon,ရန်ကုန်ဒေသကြီး,MMR013017,Botahtaung,ဗိုလ်တထောင်,39907.0,2043,4517,4,200.0,1.0,1.0,3.0
185,MMR013,Yangon,ရန်ကုန်ဒေသကြီး,MMR013018,Dagon Myothit (South),ဒဂုံမြို့သစ်တောင်ပိုင်း,320099.0,29095,28370,5,null,8.0,16.0,3.0
186,MMR013,Yangon,ရန်ကုန်ဒေသကြီး,MMR013019,Dagon Myothit (North),ဒဂုံမြို့သစ်မြောက်ပိုင်း,195222.0,11986,25703,5,null,6.0,14.0,0.0
187,MMR013,Yangon,ရန်ကုန်ဒေသကြီး,MMR013020,Dagon Myothit (East),ဒဂုံမြို့သစ်အရှေ့ပိုင်း,156336.0,12589,13948,5,null,8.0,22.0,1.0
188,MMR013,Yangon,ရန်ကုန်ဒေသကြီး,MMR013021,Dagon Myothit (Seikkan),ဒဂုံမြို့သစ်ဆိပ်ကမ်း,172379.0,14731,10946,4,null,2.0,24.0,2.0
189,MMR013,Yangon,ရန်ကုန်ဒေသကြီး,MMR013022,Mingalartaungnyunt,မင်္ဂလာတောင်ညွန့်,131729.0,8135,13396,5,null,4.0,4.0,1.0
190,MMR013,Yangon,ရန်ကုန်ဒေသကြီး,MMR013023,Thanlyin,သန်လျှင်,242107.0,21473,22112,4,null,58.0,139.0,5.0
191,MMR013,Yangon,ရန်ကုန်ဒေသကြီး,MMR013024,Kyauktan,ကျောက်တန်း,165937.0,12703,14800,4,130.0,13.0,23.0,9.0
192,MMR013,Yangon,ရန်ကုန်ဒေသကြီး,MMR013025,Thongwa,သုံးခွ,163165.0,12964,14595,4,66.0,7.0,22.0,5.0
193,MMR013,Yangon,ရန်ကုန်ဒေသကြီး,MMR013026,Kayan,ခရမ်း,166395.0,13432,14906,4,98.0,14.0,29.0,7.0
194,MMR013,Yangon,ရန်ကုန်ဒေသကြီး,MMR013027,Twantay,တွံတေး,227953.0,20445,16924,4,82.0,7.0,18.0,6.0
195,MMR013,Yangon,ရန်ကုန်ဒေသကြီး,MMR013028,Kawhmu,ကော့မှုး,131732.0,10065,9943,4,null,7.0,19.0,5.0
196,MMR013,Yangon,ရန်ကုန်ဒေသကြီး,MMR013029,Kungyangon,ကွမ်းခြံကုန်း,120948.0,9338,9822,4,57.0,9.0,11.0,5.0
197,MMR013,Yangon,ရန်ကုန်ဒေသကြီး,MMR013030,Dala,ဒလ,153397.0,15772,12064,5,57.0,6.0,18.0,2.0
198,MMR013,Yangon,ရန်ကုန်ဒေသကြီး,MMR013031,Seikgyikanaungto,ဆိပ်ကြီးခနောင်တို,33944.0,3196,2334,4,25.0,4.0,6.0,0.0
199,MMR013,Yangon,ရန်ကုန်ဒေသကြီး,MMR013032,Cocokyun,ကိုကိုးကျွန်း,1115.0,136,71,3,25.0,1.0,2.0,0.0
200,MMR013,Yangon,ရန်ကုန်ဒေသကြီး,MMR013033,Kyauktada,ကျောက်တံတား,27815.0,1297,4139,4,null,4.0,5.0,1.0
201,MMR013,Yangon,ရန်ကုန်ဒေသကြီး,MMR013034,Pabedan,ပန်းပဲတန်း,30386.0,1679,4204,5,null,3.0,5.0,1.0
202,MMR013,Yangon,ရန်ကုန်ဒေသကြီး,MMR013035,Lanmadaw,လမ်းမတော်,37238.0,1441,5735,4,1500.0,5.0,2.0,1.0
203,MMR013,Yangon,ရန်ကုန်ဒေသကြီး,MMR013036,Latha,လသာ,27341.0,665,3540,4,2000.0,4.0,2.0,2.0
204,MMR013,Yangon,ရန်ကုန်ဒေသကြီး,MMR013037,Ahlone,အလုံ,54843.0,2468,6130,4,null,2.0,6.0,2.0
205,MMR013,Yangon,ရန်ကုန်ဒေသကြီး,MMR013038,Kyeemyindaing,ကြည့်မြင်တိုင်,101287.0,7690,10424,5,616.0,6.0,13.0,1.0
206,MMR013,Yangon,ရန်ကုန်ဒေသကြီး,MMR013039,Sanchaung,စမ်းချောင်း,86081.0,3895,12244,4,null,6.0,2.0,2.0
207,MMR013,Yangon,ရန်ကုန်ဒေသကြီး,MMR013040,Hlaing,လှိုင်,125060.0,7784,16684,5,null,2.0,2.0,2.0
208,MMR013,Yangon,ရန်ကုန်ဒေသကြီး,MMR013041,Kamaryut,ကမာရွတ်,null,3193,8711,5,100.0,3.0,3.0,0.0
209,MMR013,Yangon,ရန်ကုန်ဒေသကြီး,MMR013042,Mayangone,မရမ်းကုန်း,189821.0,10896,18685,5,250.0,3.0,7.0,1.0
210,MMR013,Yangon,ရန်ကုန်ဒေသကြီး,MMR013043,Dagon,ဒဂုံ,25211.0,1163,2734,4,500.0,4.0,2.0,1.0
211,MMR013,Yangon,ရန်ကုန်ဒေသကြီး,MMR013044,Bahan,ဗဟန်း,null,3848,11375,5,50.0,null,null,null
212,MMR013,Yangon,ရန်ကုန်ဒေသကြီး,MMR013045,Seikkan,ဆိပ်ကမ်း,1546.0,157,173,5,null,1.0,1.0,0.0
213,MMR017,Ayeyarwady,ဧရာဝတီတိုင်းဒေသကြီး,MMR017001,Pathein,ပုသိမ်,337405.0,30247,33062,4,573.0,11.0,30.0,8.0
214,MMR017,Ayeyarwady,ဧရာဝတီတိုင်းဒေသကြီး,MMR017002,Kangyidaunt,ကန်ကြီးထောင့်,176856.0,16678,13837,4,73.0,7.0,18.0,7.0
215,MMR017,Ayeyarwady,ဧရာဝတီတိုင်းဒေသကြီး,MMR017003,Thabaung,သာပေါင်း,158481.0,15258,12952,4,73.0,5.0,12.0,5.0
216,MMR017,Ayeyarwady,ဧရာဝတီတိုင်းဒေသကြီး,MMR017004,Ngapudaw,ငပုတော,327272.0,31368,27294,4,194.0,10.0,43.0,14.0
217,MMR017,Ayeyarwady,ဧရာဝတီတိုင်းဒေသကြီး,MMR017005,Kyonpyaw,ကျုံပျော်,252400.0,21433,23400,4,114.0,16.0,46.0,7.0
218,MMR017,Ayeyarwady,ဧရာဝတီတိုင်းဒေသကြီး,MMR017006,Yegyi,ရေကြည်,197266.0,16428,21529,4,105.0,18.0,48.0,9.0
219,MMR017,Ayeyarwady,ဧရာဝတီတိုင်းဒေသကြီး,MMR017007,Kyaunggon,ကျောင်းကုန်း,167101.0,14438,15605,4,82.0,8.0,28.0,9.0
220,MMR017,Ayeyarwady,ဧရာဝတီတိုင်းဒေသကြီး,MMR017008,Hinthada,ဟင်္သာတ,344145.0,27143,39797,4,296.0,67.0,194.0,8.0
221,MMR017,Ayeyarwady,ဧရာဝတီတိုင်းဒေသကြီး,MMR017009,Zalun,ဇလွန်,166888.0,15092,18953,4,89.0,9.0,28.0,7.0
222,MMR017,Ayeyarwady,ဧရာဝတီတိုင်းဒေသကြီး,MMR017010,Lemyethna,လေးမျက်နှာ,108173.0,9013,11151,4,57.0,7.0,16.0,5.0
223,MMR017,Ayeyarwady,ဧရာဝတီတိုင်းဒေသကြီး,MMR017011,Myanaung,မြန်အောင်,22403.0,17042,28202,4,114.0,10.0,54.0,10.0
224,MMR017,Ayeyarwady,ဧရာဝတီတိုင်းဒေသကြီး,MMR017012,Kyangin,ကြံခင်း,97514.0,6721,12301,4,57.0,5.0,25.0,4.0
225,MMR017,Ayeyarwady,ဧရာဝတီတိုင်းဒေသကြီး,MMR017013,Ingapu,အင်္ဂပူ,215327.0,18128,27713,4,89.0,8.0,35.0,7.0
226,MMR017,Ayeyarwady,ဧရာဝတီတိုင်းဒေသကြီး,MMR017014,Myaungmya,မြောင်းမြ,298035.0,27684,24862,4,200.0,40.0,79.0,9.0
227,MMR017,Ayeyarwady,ဧရာဝတီတိုင်းဒေသကြီး,MMR017015,Einme,အိမ္မဲ,205654.0,17978,16725,4,null,6.0,23.0,6.0
228,MMR017,Ayeyarwady,ဧရာဝတီတိုင်းဒေသကြီး,MMR017016,Labutta,လပွတ္တာ,330478.0,37730,20473,4,0.0,22.0,80.0,14.0
229,MMR017,Ayeyarwady,ဧရာဝတီတိုင်းဒေသကြီး,MMR017017,Wakema,ဝါးခယ်မ,302866.0,26833,26198,4,82.0,8.0,27.0,8.0
230,MMR017,Ayeyarwady,ဧရာဝတီတိုင်းဒေသကြီး,MMR017018,Mawlamyinegyun,မော်လမြိုင်ကျွန်း,324813.0,31573,25975,4,148.0,21.0,39.0,15.0
231,MMR017,Ayeyarwady,ဧရာဝတီတိုင်းဒေသကြီး,MMR017019,Maubin,မအူပင်,319450.0,29235,28025,4,248.0,50.0,109.0,14.0
232,MMR017,Ayeyarwady,ဧရာဝတီတိုင်းဒေသကြီး,MMR017020,Pantanaw,ပန်းတနော်,268328.0,24910,24078,4,89.0,10.0,30.0,10.0
233,MMR017,Ayeyarwady,ဧရာဝတီတိုင်းဒေသကြီး,MMR017021,Nyaungdon,ညောင်တုန်း,198110.0,19739,20065,4,139.0,10.0,26.0,8.0
234,MMR017,Ayeyarwady,ဧရာဝတီတိုင်းဒေသကြီး,MMR017022,Danubyu,ဓနုဖြူ,189843.0,15191,19876,4,98.0,6.0,29.0,7.0
235,MMR017,Ayeyarwady,ဧရာဝတီတိုင်းဒေသကြီး,MMR017023,Pyapon,ဖျာပုံ,301629.0,31729,21639,4,280.0,76.0,84.0,11.0
236,MMR017,Ayeyarwady,ဧရာဝတီတိုင်းဒေသကြီး,MMR017024,Bogale,ဘိုကလေး,348860.0,35390,23300,4,196.0,19.0,43.0,10.0
237,MMR017,Ayeyarwady,ဧရာဝတီတိုင်းဒေသကြီး,MMR017025,Kyaiklat,ကျိုက်လတ်,193726.0,18567,16405,4,75.0,6.0,20.0,4.0
238,MMR017,Ayeyarwady,ဧရာဝတီတိုင်းဒေသကြီး,MMR017026,Dedaye,ဒေးဒရဲ,228485.0,18584,16489,4,150.0,7.0,20.0,11.0
239,MMR018,Nay Pyi Taw,နေပြည်တော်,MMR018001,Zay Yar Thi Ri,ဇေယျာသီရိ,100265.0,10728,6379,4,1391.0,9.0,35.0,3.0
240,MMR018,Nay Pyi Taw,နေပြည်တော်,MMR018002,Za Bu Thi Ri,ဇမ္ဗူသီရိ,97681.0,8049,5408,4,1050.0,8.0,16.0,3.0
241,MMR018,Nay Pyi Taw,နေပြည်တော်,MMR018003,Tatkon,တပ်ကုန်း,115440.0,18579,19148,4,116.0,18.0,42.0,4.0
242,MMR018,Nay Pyi Taw,နေပြည်တော်,MMR018004,Det Khi Na Thi Ri,ဒက္ခိဏသီရိ,29945.0,4431,2622,4,50.0,3.0,10.0,1.0
243,MMR018,Nay Pyi Taw,နေပြည်တော်,MMR018005,Poke Ba Thi Ri,ပုဗ္ဗသီရိ,99887.0,11553,7671,4,500.0,20.0,50.0,4.0
244,MMR018,Nay Pyi Taw,နေပြည်တော်,MMR018006,Pyinmana,ပျဉ်းမနား,183604.0,16097,14961,5,200.0,70.0,108.0,8.0
245,MMR018,Nay Pyi Taw,နေပြည်တော်,MMR018007,Lewe,လယ်ဝေး,287879.0,27179,22922,4,157.0,22.0,42.0,10.0
246,MMR018,Nay Pyi Taw,နေပြည်တော်,MMR018008,Oke Ta Ra Thi Ri,ဥတ္တရသီရိ,59656.0,8220,4636,4,2075.0,5.0,14.0,2.0
247,MMR007,Bago (East),ပဲခူးတိုင်းဒေသကြီး,MMR007001,Bago,ပဲခူး,434822.0,42739,41754,4,564.0,8.0,12.0,8.0
248,MMR007,Bago (East),ပဲခူးတိုင်းဒေသကြီး,MMR007002,Thanatpin,သနပ်ပင်,164215.0,15221,11955,4,89.0,7.0,21.0,7.0
249,MMR007,Bago (East),ပဲခူးတိုင်းဒေသကြီး,MMR007003,Kawa,ကဝ,222775.0,19330,17380,4,121.0,10.0,28.0,8.0
250,MMR007,Bago (East),ပဲခူးတိုင်းဒေသကြီး,MMR007004,Waw,ဝေါ,199476.0,18570,15002,5,121.0,8.0,24.0,10.0
251,MMR007,Bago (East),ပဲခူးတိုင်းဒေသကြီး,MMR007005,Nyaunglebin,ညောင်လေးပင်,279709.0,18611,17772,4,98.0,14.0,42.0,9.0
252,MMR007,Bago (East),ပဲခူးတိုင်းဒေသကြီး,MMR007006,Kyauktaga,ကျောက်တံခါး,260447.0,25466,18473,5,130.0,18.0,32.0,10.0
253,MMR007,Bago (East),ပဲခူးတိုင်းဒေသကြီး,MMR007007,Daik-U,ဒိုက်ဦး,201982.0,19830,16666,4,114.0,8.0,17.0,9.0
254,MMR007,Bago (East),ပဲခူးတိုင်းဒေသကြီး,MMR007008,Shwegyin,ရွှေကျင်,94936.0,12224,7261,5,132.0,20.0,43.0,4.0
255,MMR007,Bago (East),ပဲခူးတိုင်းဒေသကြီး,MMR007009,Taungoo,တောင်ငူ,241895.0,23060,23644,4,216.0,5.0,175.0,8.0
256,MMR007,Bago (East),ပဲခူးတိုင်းဒေသကြီး,MMR007010,Yedashe,ရေတာရှည်,203839.0,20823,17324,4,73.0,6.0,24.0,8.0
257,MMR007,Bago (East),ပဲခူးတိုင်းဒေသကြီး,MMR007011,Kyaukkyi,ကျောက်ကြီး,119202.0,12441,8720,5,114.0,5.0,24.0,5.0
258,MMR007,Bago (East),ပဲခူးတိုင်းဒေသကြီး,MMR007012,Phyu,ဖြူး,256985.0,25236,22477,5,189.0,25.0,66.0,8.0
259,MMR007,Bago (East),ပဲခူးတိုင်းဒေသကြီး,MMR007013,Oktwin,အုတ်တွင်း,170482.0,15742,13537,4,57.0,6.0,14.0,6.0
260,MMR007,Bago (East),ပဲခူးတိုင်းဒေသကြီး,MMR007014,Htantabin,ထန်းတပင်,121472.0,11940,9970,4,196.0,8.0,21.0,6.0
261,MMR008,Bago (West),ပဲခူးတိုင်းဒေသကြီး,MMR008001,Pyay,ပြည်,225600.0,15743,27629,4,532.0,116.0,216.0,6.0
262,MMR008,Bago (West),ပဲခူးတိုင်းဒေသကြီး,MMR008002,Paukkhaung,ပေါက်ခေါင်း,123600.0,9317,11760,4,73.0,7.0,19.0,7.0
263,MMR008,Bago (West),ပဲခူးတိုင်းဒေသကြီး,MMR008003,Padaung,ပန်းတောင်း,147123.0,9824,17434,4,82.0,6.0,21.0,4.0
264,MMR008,Bago (West),ပဲခူးတိုင်းဒေသကြီး,MMR008004,Paungde,ပေါင်းတည်,141045.0,9152,16960,4,82.0,6.0,21.0,6.0
265,MMR008,Bago (West),ပဲခူးတိုင်းဒေသကြီး,MMR008005,Thegon,သဲကုန်း,129971.0,7723,17754,4,73.0,8.0,25.0,4.0
266,MMR008,Bago (West),ပဲခူးတိုင်းဒေသကြီး,MMR008006,Shwedaung,ရွှေတောင်,130245.0,7985,16308,4,73.0,5.0,21.0,8.0
267,MMR008,Bago (West),ပဲခူးတိုင်းဒေသကြီး,MMR008007,Thayarwady,သာယာဝတီ,154606.0,13079,16016,4,0.0,27.0,58.0,10.0
268,MMR008,Bago (West),ပဲခူးတိုင်းဒေသကြီး,MMR008008,Letpadan,လက်ပံတန်း,190900.0,16141,18917,4,98.0,8.0,23.0,8.0
269,MMR008,Bago (West),ပဲခူးတိုင်းဒေသကြီး,MMR008009,Minhla,မင်းလှ,125324.0,9999,13834,4,114.0,5.0,16.0,7.0
270,MMR008,Bago (West),ပဲခူးတိုင်းဒေသကြီး,MMR008010,Okpho,အုတ်ဖို,131265.0,10037,13938,4,98.0,7.0,24.0,8.0
271,MMR008,Bago (West),ပဲခူးတိုင်းဒေသကြီး,MMR008011,Zigon,ဇီးကုန်း,71017.0,4713,8982,4,50.0,4.0,16.0,4.0
272,MMR008,Bago (West),ပဲခူးတိုင်းဒေသကြီး,MMR008012,Nattalin,နတ္တလင်း,173542.0,11567,21033,4,null,7.0,29.0,7.0
273,MMR008,Bago (West),ပဲခူးတိုင်းဒေသကြီး,MMR008013,Monyo,မိုးညို,136410.0,10379,15610,4,89.0,9.0,27.0,5.0
274,MMR008,Bago (West),ပဲခူးတိုင်းဒေသကြီး,MMR008014,Gyobingauk,ကြို့ပင်ကောက်,121788.0,7975,14737,4,116.0,9.0,22.0,5.0
275,MMR014,Shan (South),ရှမ်းပြည်နယ်,MMR014001,Taunggyi,တောင်ကြီး,385930.0,37521,31995,4,773.0,11.0,21.0,4.0
276,MMR014,Shan (South),ရှမ်းပြည်နယ်,MMR014002,Nyaungshwe,ညောင်ရွှေ,172524.0,15910,14477,4,132.0,14.0,46.0,6.0
277,MMR014,Shan (South),ရှမ်းပြည်နယ်,MMR014003,Hopong,ဟိုပုံး,103360.0,11901,6594,4,82.0,9.0,20.0,6.0
278,MMR014,Shan (South),ရှမ်းပြည်နယ်,MMR014004,Hsihseng,ဆီဆိုင်,138925.0,18781,8024,5,114.0,6.0,30.0,6.0
279,MMR014,Shan (South),ရှမ်းပြည်နယ်,MMR014005,Kalaw,ကလော,162094.0,16798,11788,4,148.0,19.0,66.0,5.0
280,MMR014,Shan (South),ရှမ်းပြည်နယ်,MMR014006,Pindaya,ပင်းတယ,82257.0,7016,6015,4,82.0,10.0,34.0,2.0
281,MMR014,Shan (South),ရှမ်းပြည်နယ်,MMR014007,Ywangan,ရွာငံ,null,7617,6465,4,57.0,4.0,16.0,6.0
282,MMR014,Shan (South),ရှမ်းပြည်နယ်,MMR014008,Lawksawk,ရပ်စောက်,147015.0,16426,9277,5,114.0,12.0,32.0,3.0
283,MMR014,Shan (South),ရှမ်းပြည်နယ်,MMR014009,Pinlaung,ပင်လောင်း,181513.0,19227,12724,4,89.0,8.0,27.0,5.0
284,MMR014,Shan (South),ရှမ်းပြည်နယ်,MMR014010,Pekon,ဖယ်ခုံ,105117.0,13736,5080,5,89.0,7.0,29.0,6.0
285,MMR014,Shan (South),ရှမ်းပြည်နယ်,MMR014011,Loilen,လွိုင်လင်,123635.0,13543,8772,5,241.0,32.0,125.0,4.0
286,MMR014,Shan (South),ရှမ်းပြည်နယ်,MMR014012,Laihka,လဲချား,49470.0,4110,3555,5,25.0,3.0,15.0,2.0
287,MMR014,Shan (South),ရှမ်းပြည်နယ်,MMR014013,Nansang,နမ့်စန်,78832.0,12074,6643,5,null,2.0,14.0,6.0
288,MMR014,Shan (South),ရှမ်းပြည်နယ်,MMR014014,Kunhing,ကွန်ဟိန်း,52250.0,4714,4237,5,41.0,4.0,20.0,4.0
289,MMR014,Shan (South),ရှမ်းပြည်နယ်,MMR014015,Kyethi,ကျေးသီး,75968.0,7762,5253,5,66.0,3.0,20.0,3.0
290,MMR014,Shan (South),ရှမ်းပြည်နယ်,MMR014016,Mongkaing,မိုင်းကိုင်,72751.0,8148,6592,4,25.0,2.0,13.0,3.0
291,MMR014,Shan (South),ရှမ်းပြည်နယ်,MMR014017,Monghsu,မိုင်းရှုး,71591.0,7043,4154,4,null,3.0,13.0,3.0
292,MMR014,Shan (South),ရှမ်းပြည်နယ်,MMR014018,Langkho,လင်းခေး,46740.0,2798,4794,4,82.0,5.0,23.0,3.0
293,MMR014,Shan (South),ရှမ်းပြည်နယ်,MMR014019,Mongnai,မိုးနဲ,40796.0,3733,3157,4,50.0,5.0,12.0,2.0
294,MMR014,Shan (South),ရှမ်းပြည်နယ်,MMR014020,Mawkmai,မောက်မယ်,35381.0,4249,2081,5,41.0,4.0,11.0,3.0
295,MMR014,Shan (South),ရှမ်းပြည်နယ်,MMR014021,Mongpan,မိုင်းပန်,16311.0,2221,1940,4,25.0,3.0,8.0,4.0
296,MMR015,Shan (North),ရှမ်းပြည်နယ်,MMR015001,Lashio,လားရှိုး,287969.0,30642,24917,5,548.0,8.0,18.0,7.0
297,MMR015,Shan (North),ရှမ်းပြည်နယ်,MMR015002,Hseni,သိန်းနီ,54065.0,5753,4701,5,null,5.0,20.0,3.0
298,MMR015,Shan (North),ရှမ်းပြည်နယ်,MMR015003,Mongyai,မိုင်းရယ်,59457.0,5893,4005,4,25.0,2.0,14.0,3.0
299,MMR015,Shan (North),ရှမ်းပြည်နယ်,MMR015004,Tangyan,တန့်ယန်း,170748.0,19006,11704,5,null,4.0,25.0,4.0
300,MMR015,Shan (North),ရှမ်းပြည်နယ်,MMR015005,Pangsang,ပန်ဆန်း,null,12798,5590,5,null,null,null,null
301,MMR015,Shan (North),ရှမ်းပြည်နယ်,MMR015006,Narphan,နားဖန့်,null,14015,8025,7,null,null,null,null
302,MMR015,Shan (North),ရှမ်းပြည်နယ်,MMR015007,Pangwaun,ပန်ဝိုင်း,null,11168,6999,7,null,null,null,null
303,MMR015,Shan (North),ရှမ်းပြည်နယ်,MMR015008,Mongmao,မိုင်းမော,null,8719,5333,7,null,null,null,null
304,MMR015,Shan (North),ရှမ်းပြည်နယ်,MMR015009,Muse,မူဆယ်,154267.0,16024,11198,5,164.0,21.0,82.0,4.0
305,MMR015,Shan (North),ရှမ်းပြည်နယ်,MMR015010,Namhkan,နမ့်ခမ်း,115213.0,10844,8795,5,null,12.0,59.0,3.0
306,MMR015,Shan (North),ရှမ်းပြည်နယ်,MMR015011,Kutkai,ကွတ်ခိုင်,179747.0,20230,12568,5,123.0,9.0,37.0,9.0
307,MMR015,Shan (North),ရှမ်းပြည်နယ်,MMR015012,Kyaukme,ကျောက်မဲ,178595.0,16507,14586,4,214.0,20.0,51.0,4.0
308,MMR015,Shan (North),ရှမ်းပြည်နယ်,MMR015013,Nawnghkio,နောင်ချို,123173.0,13652,10211,4,73.0,8.0,17.0,8.0
309,MMR015,Shan (North),ရှမ်းပြည်နယ်,MMR015014,Hsipaw,သီပေါ,177840.0,17683,11834,4,141.0,20.0,62.0,5.0
310,MMR015,Shan (North),ရှမ်းပြည်နယ်,MMR015015,Namtu,နမ္မတူ,51613.0,5318,4249,4,250.0,4.0,35.0,3.0
311,MMR015,Shan (North),ရှမ်းပြည်နယ်,MMR015016,Namhsan,နမ့်ဆန်,78832.0,8007,5708,5,null,2.0,14.0,6.0
312,MMR015,Shan (North),ရှမ်းပြည်နယ်,MMR015017,Mongmit,မိုးမိတ်,63711.0,6018,4946,4,66.0,4.0,22.0,3.0
313,MMR015,Shan (North),ရှမ်းပြည်နယ်,MMR015018,Mabein,မဘိမ်း,40241.0,4208,3051,5,41.0,3.0,21.0,5.0
314,MMR015,Shan (North),ရှမ်းပြည်နယ်,MMR015019,Manton,မန်တုန်,34865.0,5162,2591,5,null,2.0,10.0,0.0
315,MMR015,Shan (North),ရှမ်းပြည်နယ်,MMR015020,Kunlong,ကွမ်းလုံ,57489.0,7287,4124,5,66.0,4.0,18.0,3.0
316,MMR015,Shan (North),ရှမ်းပြည်နယ်,MMR015021,Hopang,ဟိုပန်,23426.0,7154,4406,5,66.0,1.0,22.0,1.0
317,MMR015,Shan (North),ရှမ်းပြည်နယ်,MMR015022,Laukkaing,လောက်ကိုင်,55185.0,10259,5430,6,82.0,4.0,23.0,2.0
318,MMR015,Shan (North),ရှမ်းပြည်နယ်,MMR015023,Konkyan,ကုန်းကြမ်း,42368.0,6551,4053,6,41.0,1.0,9.0,0.0
319,MMR015,Shan (North),ရှမ်းပြည်နယ်,MMR015024,Matman,မက်မန်း,17911.0,3043,1007,6,41.0,2.0,20.0,0.0
320,MMR016,Shan (East),ရှမ်းပြည်နယ်,MMR016001,Kengtung,ကျိုင်းတုံ,169730.0,16717,14687,5,248.0,7.0,38.0,4.0
321,MMR016,Shan (East),ရှမ်းပြည်နယ်,MMR016002,Mongkhet,မိုင်းခတ်,45330.0,5033,2945,5,41.0,2.0,13.0,2.0
322,MMR016,Shan (East),ရှမ်းပြည်နယ်,MMR016003,Mongyang,မိုင်းယန်း,49537.0,11475,7835,5,25.0,3.0,20.0,2.0
323,MMR016,Shan (East),ရှမ်းပြည်နယ်,MMR016005,Mongla,မိုင်းလား,null,3073,2323,5,null,null,null,null
324,MMR016,Shan (East),ရှမ်းပြည်နယ်,MMR016006,Monghsat,မိုင်းဆတ်,84368.0,14499,5012,5,82.0,5.0,25.0,4.0
325,MMR016,Shan (East),ရှမ်းပြည်နယ်,MMR016007,Mongping,မိုင်းပျင်း,62312.0,8908,4363,5,null,2.0,12.0,0.0
326,MMR016,Shan (East),ရှမ်းပြည်နယ်,MMR016008,Mongton,မိုင်းတုံ,55142.0,8498,3400,5,57.0,2.0,46.0,3.0
327,MMR016,Shan (East),ရှမ်းပြည်နယ်,MMR016009,Tachileik,တာချီလိတ်,140108.0,16229,12420,4,148.0,22.0,94.0,9.0
328,MMR016,Shan (East),ရှမ်းပြည်နယ်,MMR016010,Monghpyak,မိုင်းဖြတ်,27504.0,3840,2114,5,25.0,1.0,11.0,2.0
329,MMR016,Shan (East),ရှမ်းပြည်နယ်,MMR016011,Mongyawng,မိုင်းယောင်း,59457.0,7168,6884,4,50.0,2.0,14.0,3.0
