SR_Pcode,State_Region,Tsp_Pcode,Township,Facility,Date,Male,Female,Total
MMR008,Bago,MMR008014,Gyobingauk,ဗောဓိရိပ်သာကျောင်းတိုက်,12/4/2020,2,1,3
MMR008,Bago,MMR008014,Gyobingauk,အထက (ကြို့ပင်ကောက်),12/4/2020,19,6,25
MMR008,Bago,MMR008014,Gyobingauk,မူလွန်ကံဦး,12/4/2020,0,0,0
MMR008,Bago,MMR008014,Gyobingauk,မူလွန် ကိုင်းယားရှည်,12/4/2020,0,0,0
MMR008,Bago,MMR008014,Gyobingauk,မူလွန် ကွင်းချောင်း,12/4/2020,2,0,2
MMR008,Bago,MMR008014,Gyobingauk,မူလွန် ဘိုရုံစု,12/4/2020,0,0,0
MMR008,Bago,MMR008014,Gyobingauk,မူလွန် ကံကလေး,12/4/2020,1,0,1
MMR008,Bago,MMR008014,Gyobingauk,(အမက) တောင်ပို့ပြောင်,12/4/2020,0,0,0
MMR008,Bago,MMR008014,Gyobingauk,(အထက) ရွေဗန်းတော,12/4/2020,4,0,4
MMR008,Bago,MMR008014,Gyobingauk,အထက (ခွဲ) ကျွန်းကုန်းကြီး,12/4/2020,1,0,1
MMR008,Bago,MMR008014,Gyobingauk,(အမက) သရက်ကုန်း,12/4/2020,0,0,0
MMR008,Bago,MMR008014,Gyobingauk,(အမက) ကြို့ကုန်း,12/4/2020,0,0,0
MMR008,Bago,MMR008014,Gyobingauk,(အမက) ငှက်ကြီးသိုက်,12/4/2020,0,0,0
MMR008,Bago,MMR008014,Gyobingauk,အထက်စိန်ကြီးရိုးဘုန်းကြီးကျောင်း,12/4/2020,0,0,0
MMR008,Bago,MMR008014,Gyobingauk,(အမက) စိုင်‌ဂေါင်း,12/4/2020,0,0,0
MMR008,Bago,MMR008014,Gyobingauk,စမ်းအိုင် ငှက်ပျောတောခြံ,12/4/2020,0,0,0
MMR008,Bago,MMR008014,Gyobingauk,(အမက) ရွာသစ်,12/4/2020,0,0,0
MMR008,Bago,MMR008014,Gyobingauk,(အလက) ရှမ်းကွင်း,12/4/2020,0,,0
MMR008,Bago,MMR008014,Gyobingauk,(အမက) ကြို့ပင်ဝိုင်း,12/4/2020,3,2,5
MMR008,Bago,MMR008014,Gyobingauk,အုတ်တွင်းကုန်း ဘုန်းကြီးကျောင်း,12/4/2020,,,0
MMR008,Bago,MMR008014,Gyobingauk,(အမက) ဥယျာဉ်ကြီး,12/4/2020,0,0,0
MMR008,Bago,MMR008014,Gyobingauk,ရန်ကြီးအောင် ဓမ္မာရုံ,12/4/2020,0,0,0
MMR008,Bago,MMR008014,Gyobingauk,(အမက) ရှားဖြူကုန်း,12/4/2020,0,0,0
MMR008,Bago,MMR008014,Gyobingauk,(အမက) မြို့တွင်း,12/4/2020,1,0,1
MMR008,Bago,MMR008014,Gyobingauk,အထက (ခွဲ) ကြခတ္တန်းကြီး,12/4/2020,0,0,0
MMR008,Bago,MMR008014,Gyobingauk,(အမက)လက်ပံဖြူ,12/4/2020,0,0,0
MMR008,Bago,MMR008014,Gyobingauk,အထက (ခွဲ)လှေတုန်း,12/4/2020,0,0,0
MMR008,Bago,MMR008014,Gyobingauk,(အမက) ဂုံညင်းတန်း,12/4/2020,0,0,0
MMR008,Bago,MMR008014,Gyobingauk,အထက (ခွဲ) ရှားပင်ထ,12/4/2020,2,0,2
MMR008,Bago,MMR008014,Gyobingauk,(အမက) ယောက်ချောင်း,12/4/2020,0,0,0
MMR008,Bago,MMR008014,Gyobingauk,ရွာသစ််ရဲကင်း,12/4/2020,8,0,8
MMR008,Bago,MMR008014,Gyobingauk,(အမက) အုန်းနှဲကျောတန်း (ရှေ့),12/4/2020,3,1,4
MMR008,Bago,MMR008014,Gyobingauk,(အမက) ဂွေးချောင်း,12/4/2020,0,0,0
MMR008,Bago,MMR008014,Gyobingauk,မကျီးကုန်း ဘုန်းကြီးကျောင်း,12/4/2020,0,0,0
MMR008,Bago,MMR008014,Gyobingauk,ဖလံကုန်းဘုရားကြီး,12/4/2020,1,0,1
MMR008,Bago,MMR008014,Gyobingauk,(အမက) အိုးဘိုကုန်း,12/4/2020,0,0,0
MMR008,Bago,MMR008014,Gyobingauk,(အမက) သပြေရုံ,12/4/2020,0,0,0
MMR008,Bago,MMR008014,Gyobingauk,(အမက) သခွတ်ပင်,12/4/2020,0,0,0
MMR008,Bago,MMR008014,Gyobingauk,(အမက) ဘန်းဘွေးကုန်း,12/4/2020,1,0,1
MMR008,Bago,MMR008014,Gyobingauk,(အမက) ညောင်လှ,12/4/2020,1,,1
MMR008,Bago,MMR008014,Gyobingauk,(အမက)လိန်ပင်ကွင်း,12/4/2020,2,2,4
MMR008,Bago,MMR008014,Gyobingauk,(အမက) ဘုကြီး,12/4/2020,2,,2
MMR007,Bago,MMR008101,Taungoo,ကရင်ချောင်းကျေးရွာအုပ်စု (ကျေးအင်း-ထုံးဘို အထက်တန်းကျောင်း),30/3/2020,6,4,10
MMR007,Bago,MMR008101,Taungoo,အနောက်ဆင်ကျေးရွာအုပ်စု (ဆင်ရွာ မူလွန်ကျောင်း),30/3/2020,5,1,6
MMR007,Bago,MMR008101,Taungoo,သဖန်းပင်ကျေးရွာအုပ်စု,30/3/2020,4,9,13
MMR007,Bago,MMR008101,Taungoo,သီတဂူ ဗုဒ္ဓတက္ကသိုလ်,30/3/2020,1,1,2
MMR007,Bago,MMR008101,Taungoo,ရှမ်းမင်းသားဟိုတယ်,30/3/2020,5,1,6
MMR007,Bago,MMR008101,Taungoo,ဇီးကုန်းကျေးရွာအုပ်စု (ကမ္ဘားနီ မူလွန်ကျောင်းနှင့် တဲ),30/3/2020,3,2,5
MMR007,Bago,MMR008101,Taungoo,ရွှေလေးအင်းကျေးရွာအုပ်စု (ချောင်းကမ်း မူလွန်ကျောင်း),30/3/2020,5,0,5
MMR007,Bago,MMR008101,Taungoo,မဟင်ကျေးရွာအုပ်စု (အိုင်သုံးဆင့် စာသင်ကျောင်း),30/3/2020,1,3,4
MMR007,Bago,MMR008101,Taungoo,ဒိုးအင်းကျေးရွာအုပ်စု,30/3/2020,7,5,12
MMR007,Bago,MMR008101,Taungoo,ဇီးဒိုင်းကျေးရွာအပ်စု (ဇောတိ မူလွန်ကျောင်း),30/3/2020,1,0,1
MMR007,Bago,MMR008101,Taungoo,အ.ထ.က (၆),30/3/2020,2,0,2
MMR007,Bago,MMR008101,Taungoo,မြို့သစ် အ.ထ.က (ကေတုမတီ),30/3/2020,4,0,4
MMR007,Bago,MMR008101,Taungoo,ရပ်ကွက် (၂) တောင်ပို့ကြီးဘုရား ဓမ္မာရုံကျောင်း,30/3/2020,2,0,2
MMR007,Bago,MMR008101,Taungoo,စပါးကြွယ်ကျေးရွာအုပ်စု (စပါးကြွယ် အ.လ.က ခွဲ),30/3/2020,0,1,1
MMR007,Bago,MMR008101,Taungoo,ဆင်ဆိပ်ကျေးရွာအုပ်စု (ခပေါင်းတိန် စာသင်ကျောင်း),30/3/2020,1,0,1
MMR007,Bago,MMR008101,Taungoo,ဆင်ဆိပ်ကျေးရွာအုပ်စု (ကံလှကျေးရွာ ဘုရားစောင်းတန်း),30/3/2020,1,0,1
MMR007,Bago,MMR008101,Taungoo,ဆင်ဆိပ်ကျေးရွာအုပ်စု (ပန်းပဲ စာသင်ကျောင်း),30/3/2020,1,1,2
MMR007,Bago,MMR008101,Taungoo,ဆူးတပ်ကျေးရွာအုပ်စု (ဆူးတပ်ဘုန်းကြီးကျောင်း),30/3/2020,1,0,1
MMR007,Bago,MMR008101,Taungoo,ပဒဲကျေးရွာအုပ်စု (ပဒဲ အ.ထ.က (ခွဲ) ကျောင်း),30/3/2020,2,2,4
MMR007,Bago,MMR008101,Taungoo,ဘိုကတော်ကျေးရွာအုပ်စု (ကင်းငယ်ရိပ်သာ),30/3/2020,2,1,3
MMR007,Bago,MMR008101,Taungoo,မြောက်ရေကြည်ကျေးရွာအုပ်စု (မြောက်ရေကြည် မူလွန်ကျောင်း),30/3/2020,20,5,25
MMR007,Bago,MMR008101,Taungoo,ရှမ်းစုကြီးကျေးရွာအုပ်စု (ပွတ်စု မူလွန်ကျောင်း),30/3/2020,0,2,2
MMR007,Bago,MMR008101,Taungoo,ဝက်ခေါက်စိန်ကျေးရွာအုပ်စု (ဝက်ခေါက်စိန် အ.လ.က),30/3/2020,1,0,1
MMR007,Bago,MMR008101,Taungoo,အရှေ့ဆင်ကျေးရွာအုပ်စု (ကျွန်းတောကုန်း မူလွန်ကျောင်း),30/3/2020,3,1,4
MMR010,Mandalay,MMR010031,Wundwin,သဲတော-ဝမ်းတွင်း (အ.ထ.က),31/3/2020,NA,NA,23
MMR010,Mandalay,MMR010031,Wundwin,ကုက္ကိုခါးလှ (အ.ထ.က) (ခွဲ),31/3/2020,NA,NA,0
MMR010,Mandalay,MMR010031,Wundwin,ကန်ပတ်လည် (အ.လ.က),31/3/2020,NA,NA,2
MMR010,Mandalay,MMR010031,Wundwin,ညောင်ပင်ကုန်း,31/3/2020,NA,NA,2
MMR010,Mandalay,MMR010031,Wundwin,အောင်သာ (မ) (အ.လ.က) (ခွဲ),31/3/2020,NA,NA,3
MMR010,Mandalay,MMR010031,Wundwin,ကုက္ကိုစု (အ.မ.က),31/3/2020,NA,NA,1
MMR010,Mandalay,MMR010031,Wundwin,ရိုးကန် (မူလွန်),31/3/2020,NA,NA,1
MMR010,Mandalay,MMR010031,Wundwin,တောင်ဘို (အ.ထ.က),31/3/2020,NA,NA,1
MMR010,Mandalay,MMR010031,Wundwin,သခွတ်မြင့် (အ.ထ.က) (ခွဲ),31/3/2020,NA,NA,8
MMR010,Mandalay,MMR010031,Wundwin,ရွှေတောင် (အ.ထ.က),31/3/2020,NA,NA,2
MMR010,Mandalay,MMR010031,Wundwin,ခြင်္သေ့လက် (အ.မ.က),31/3/2020,NA,NA,7
MMR010,Mandalay,MMR010031,Wundwin,ကျွတ်ကန် (အ.ထ.က) (ခွဲ),31/3/2020,NA,NA,5
MMR010,Mandalay,MMR010031,Wundwin,ထိန်ကန် (မူလွန်),31/3/2020,NA,NA,8
MMR010,Mandalay,MMR010031,Wundwin,ရွာရှည် (အ.ထ.က),31/3/2020,NA,NA,1
MMR010,Mandalay,MMR010031,Wundwin,ကံကွေ့ (အ.လ.က),31/3/2020,NA,NA,0
MMR010,Mandalay,MMR010031,Wundwin,ဘုရားဖြူ (အ.လ.က),31/3/2020,NA,NA,0
MMR010,Mandalay,MMR010031,Wundwin,အင်္ကန်းကုန်း (ယောဂီဆောင်),31/3/2020,NA,NA,1
MMR010,Mandalay,MMR010031,Wundwin,ဒိုင်ကောင်းကုန်း (အ.ထ.က),31/3/2020,NA,NA,7
MMR010,Mandalay,MMR010031,Wundwin,သင်္ဃန်းဆွဲ (တဲခိုစခန်း),31/3/2020,NA,NA,8
MMR010,Mandalay,MMR010031,Wundwin,ဆူးပန်း (အ.ထ.က)(ခွဲ),31/3/2020,NA,NA,4
MMR010,Mandalay,MMR010031,Wundwin,ကံစွယ် (အ.ထ.က),31/3/2020,NA,NA,3
MMR010,Mandalay,MMR010031,Wundwin,မြောက်ပိုင်း (အ.မ.က),31/3/2020,NA,NA,5
MMR010,Mandalay,MMR010031,Wundwin,ဂုဏ်ရွာ (အ.ထ.က),31/3/2020,NA,NA,12
MMR010,Mandalay,MMR010031,Wundwin,ညောင်အုပ်ဖီး (အ.ထ.က),31/3/2020,NA,NA,4
MMR010,Mandalay,MMR010031,Wundwin,ခင်ကြီး (အ.ထ.က)(ခွဲ),31/3/2020,NA,NA,2
MMR010,Mandalay,MMR010031,Wundwin,နေပူကုန်း (အ.မ.က),31/3/2020,NA,NA,1
MMR010,Mandalay,MMR010031,Wundwin,ဆပ်ခင်း (အ.ထ.က),31/3/2020,NA,NA,0
MMR010,Mandalay,MMR010031,Wundwin,သီးကုန်း (အ.လ.က),31/3/2020,NA,NA,1
MMR010,Mandalay,MMR010031,Wundwin,လိန်ပင် (အ.မ.က),31/3/2020,NA,NA,2
MMR010,Mandalay,MMR010031,Wundwin,နတ်နန်း (အ.မ.က),31/3/2020,NA,NA,3
MMR010,Mandalay,MMR010031,Wundwin,ထနောင်းကုန်း (အ.မ.က),31/3/2020,NA,NA,1
MMR010,Mandalay,MMR010031,Wundwin,ဇချမ်းကုန်း (မ) (မူလွန်),31/3/2020,NA,NA,1
MMR010,Mandalay,MMR010031,Wundwin,မကျီးအုပ် (အုပ်ချုပ်ရေးရုံး),31/3/2020,NA,NA,11
MMR010,Mandalay,MMR010031,Wundwin,သဘွတ်ကုန်း (ဆေးခန်း),31/3/2020,NA,NA,6
MMR010,Mandalay,MMR010031,Wundwin,မကျီးတော (အ.မ.က),31/3/2020,NA,NA,12
MMR010,Mandalay,MMR010031,Wundwin,ရွှေဖလားကန် (တ) (အ.မ.က),31/3/2020,NA,NA,2
MMR010,Mandalay,MMR010031,Wundwin,ရွှေဖလားကန် (မ) (အ.မ.က),31/3/2020,NA,NA,2
MMR010,Mandalay,MMR010031,Wundwin,ပေါက်တော (အ.မ.က),31/3/2020,NA,NA,2
MMR010,Mandalay,MMR010031,Wundwin,တမာကုန်း (အ.ထ.က),31/3/2020,NA,NA,3
MMR010,Mandalay,MMR010031,Wundwin,ဇဝင်း (အ.မ.က),31/3/2020,NA,NA,45
MMR010,Mandalay,MMR010031,Wundwin,ရွာသစ် (အ.ထ.က),31/3/2020,NA,NA,3
MMR010,Mandalay,MMR010031,Wundwin,သဖန်းပင် (အ.မ.က),31/3/2020,NA,NA,1
MMR010,Mandalay,MMR010031,Wundwin,သဲတောလေး (မူလွန်),31/3/2020,NA,NA,2
MMR010,Mandalay,MMR010031,Wundwin,အင်းယင်း (အ.မ.က),31/3/2020,NA,NA,2
MMR010,Mandalay,MMR010031,Wundwin,ဒါးလှ (အ.မ.က),31/3/2020,NA,NA,2
MMR010,Mandalay,MMR010031,Wundwin,မြစ်သူငယ် (အ.မ.က),31/3/2020,NA,NA,2
MMR010,Mandalay,MMR010031,Wundwin,ပေါက်ကံ (အ.မ.က),31/3/2020,NA,NA,1
MMR010,Mandalay,MMR010031,Wundwin,သစ်ပုလွေကန် (အ.ထ.က)(ခွဲ),31/3/2020,NA,NA,3
MMR010,Mandalay,MMR010031,Wundwin,ရှောက်တော (မူလွန်),31/3/2020,NA,NA,19
MMR010,Mandalay,MMR010031,Wundwin,ပုလဝါ (အ.မ.က),31/3/2020,NA,NA,10
MMR010,Mandalay,MMR010031,Wundwin,ဆင်သွေကွေ့ (အ.မ.က),31/3/2020,NA,NA,11
MMR010,Mandalay,MMR010031,Wundwin,တဲစု (အ.ထ.က)(ခွဲ),31/3/2020,NA,NA,96
MMR010,Mandalay,MMR010031,Wundwin,ပင်းတလဲ (အ.ထ.က),31/3/2020,NA,NA,8
MMR010,Mandalay,MMR010031,Wundwin,လေးမျက်နှာ (အ.မ.က),31/3/2020,NA,NA,87
MMR010,Mandalay,MMR010031,Wundwin,လေးမျက်နှာ (ဘ.က),31/3/2020,NA,NA,88
MMR010,Mandalay,MMR010031,Wundwin,ညောင်ကားယား (အ.မ.က),31/3/2020,NA,NA,7
MMR010,Mandalay,MMR010031,Wundwin,ဖိုကုန်း (အ.မ.က),31/3/2020,NA,NA,2
MMR010,Mandalay,MMR010031,Wundwin,ရုံးပင်ကုန်း (အ.မ.က),31/3/2020,NA,NA,5
MMR010,Mandalay,MMR010031,Wundwin,မင်းကန် (အ.မ.က),31/3/2020,NA,NA,1
MMR010,Mandalay,MMR010031,Wundwin,ပျားစွဲ (န) (အ.မ.က),31/3/2020,NA,NA,6
MMR010,Mandalay,MMR010031,Wundwin,သုံးဒေါင့်အိုင် (ဘုရားဓမ္မာရုံ),31/3/2020,NA,NA,7
MMR010,Mandalay,MMR010031,Wundwin,ကျင်းရွာ (အ.လ.က)(ခွဲ),31/3/2020,NA,NA,6
MMR010,Mandalay,MMR010031,Wundwin,အောင်ချမ်းသာ (အ.ထ.က),31/3/2020,NA,NA,9
MMR010,Mandalay,MMR010031,Wundwin,ဇချမ်းကုန်း(တ) (အ.ထ.က)(ခွဲ),31/3/2020,NA,NA,1
MMR010,Mandalay,MMR010031,Wundwin,ရွာဝေ (အ.ထ.က)(ခွဲ),31/3/2020,NA,NA,5
MMR010,Mandalay,MMR010031,Wundwin,မြောက်ဆည် (အ.လ.က),31/3/2020,NA,NA,2
MMR010,Mandalay,MMR010031,Wundwin,ရာသင်္ချာ (အ.မ.က),31/3/2020,NA,NA,7
MMR010,Mandalay,MMR010031,Wundwin,တောင်ဆည် (အ.မ.က),31/3/2020,NA,NA,4
MMR010,Mandalay,MMR010031,Wundwin,ကုန်းကံ (အ.လ.က),31/3/2020,NA,NA,4
MMR010,Mandalay,MMR010031,Wundwin,သဖန်း (အ.ထ.က)(ခွဲ၀,31/3/2020,NA,NA,3
MMR010,Mandalay,MMR010031,Wundwin,ဖလန်ကန် (အ.မ.က),31/3/2020,NA,NA,4
MMR010,Mandalay,MMR010031,Wundwin,ထန်းပင်ကုန်း (ငှက်ပျောတောတဲ),31/3/2020,NA,NA,1
MMR010,Mandalay,MMR010031,Wundwin,အင်္ကန်းကြီး (အ.လ.က)(ခွဲ),31/3/2020,NA,NA,2
MMR010,Mandalay,MMR010031,Wundwin,ဂျမ်းလုံ (အ.မ.က),31/3/2020,NA,NA,1
MMR010,Mandalay,MMR010031,Wundwin,ကြပ်ကန် (အ.လ.က),31/3/2020,NA,NA,1
MMR010,Mandalay,MMR010031,Wundwin,(၂၉) စိုက်ကွင်း (အ.လ.က),31/3/2020,NA,NA,3
MMR010,Mandalay,MMR010031,Wundwin,ဖလန်ကျင်း (အ.မ.က),31/3/2020,NA,NA,2
MMR010,Mandalay,MMR010031,Wundwin,ထီးလှိုင် (ဆည်ရွာ) (အ.မ.က),31/3/2020,NA,NA,1
MMR007,Bago,MMR007011,Kyaukkyi,အ.ထ.က (ကျောက်ကြီး),3/4/2020,NA,NA,68
MMR007,Bago,MMR007011,Kyaukkyi,အ.ထ.က (နတ်သံကွင်း),3/4/2020,NA,NA,107
MMR007,Bago,MMR007011,Kyaukkyi,အ.ထ.က (မုန်း),3/4/2020,NA,NA,112
MMR007,Bago,MMR007011,Kyaukkyi,အ.ထ.က (ညောင်ပင်သာ),3/4/2020,NA,NA,43
MMR007,Bago (East),MMR007008,Shwegyin,ကံဘေးအိုင်ကျေးရွာ၊ ပန်းငွေရုံဓမ္မရုံသီရိပ်သာ,28/3/2020,2,0,2
MMR008,Bago (East),MMR007009,Shwegyin,ကံဘေးအိုင်ကျေးရွာ၊ ပန်းငွေရုံဓမ္မရုံသီရိပ်သာ,29/3/2020,2,1,3
MMR013,Yangon,MMR013040,Hlaing,Hlaing Quarantine,1/4/2020,NA,NA,334
MMR013,Yangon,MMR013040,Hlaing,ကေတုမတီဆောင်,1/4/2020,NA,NA,2
MMR013,Yangon,MMR013040,Hlaing,HOYA Hotel,1/4/2020,NA,NA,20
MMR013,Yangon,MMR013040,Hlaing,စစ်ပတ်တည်းခိုစခန်း (စစ်ကြောရေး),1/4/2020,NA,NA,68
MMR013,Yangon,MMR013040,Hlaing,Home Quarantine,1/4/2020,NA,NA,106
MMR009,Magway,MMR009019,Yesagyo,Home Quarantine,31/3/2020,119,58,177
MMR009,Magway,MMR009019,Yesagyo,Facility Quarantine,31/3/2020,87,37,124
MMR010,Mandalay,NA,NA,Hotel Quarantine,1/4/2020,NA,NA,90
MMR010,Mandalay,NA,NA,Facility Quarantine,1/4/2020,NA,NA,3115
MMR007,Bago (East),MMR007005,Nyaunglebin,အထက(၁) ပြွန်တန်ဆာ,2/4/2020,2,2,4
MMR007,Bago (East),MMR007005,Nyaunglebin,အလက(ခွဲ) ဝင်္ဂဘော်,2/4/2020,5,8,13
MMR007,Bago (East),MMR007005,Nyaunglebin,အထက(ခွဲ)ဝဲဝန်း,2/4/2020,11,5,16
MMR007,Bago (East),MMR007005,Nyaunglebin,အထက(ခွဲ)ဘိုင်းဒါး,2/4/2020,6,4,10
MMR007,Bago (East),MMR007005,Nyaunglebin,အထက(ခွဲ)ငါးပြေမ,2/4/2020,9,14,23
MMR007,Bago (East),MMR007005,Nyaunglebin,အလက(ခွဲ)ကဒါးသဲကျော,2/4/2020,32,14,46
MMR007,Bago (East),MMR007005,Nyaunglebin,အထက(ခွဲ)အောင်းကြီး,2/4/2020,14,7,21
MMR007,Bago (East),MMR007005,Nyaunglebin,အမက(လွန်)ရေတွင်းကုန်း,2/4/2020,1,4,5
MMR007,Bago (East),MMR007005,Nyaunglebin,အလက စစ်ကုန်းချောင်းသစ်,2/4/2020,7,5,12
MMR007,Bago (East),MMR007005,Nyaunglebin,အလက(ခွဲ)ရေကျော်,2/4/2020,7,4,11
MMR007,Bago (East),MMR007005,Nyaunglebin,အမက ကိုးတောင်,2/4/2020,1,1,2
MMR007,Bago (East),MMR007005,Nyaunglebin,အမက ကမွန်းကန်,2/4/2020,1,1,2
MMR007,Bago (East),MMR007005,Nyaunglebin,အမက မအူရိုး,2/4/2020,16,4,20
MMR007,Bago (East),MMR007005,Nyaunglebin,အလက(ခွဲ)ကတုတ်ကြောင်လျှာဖြား,2/4/2020,31,27,58
MMR007,Bago (East),MMR007005,Nyaunglebin,အလက(ခွဲ)ဆင်ကူး,2/4/2020,5,0,5
MMR007,Bago (East),MMR007005,Nyaunglebin,အလက(ခွဲ)နဘဲပင်,2/4/2020,3,0,3
MMR007,Bago (East),MMR007001,Bago,ဘုရားကြီးမြို့၊ အမှတ် (၂)ရပ်ကွက် အထကအခြေခံပညာအထက်တန်းကျောင်း,2/4/2020,18,15,33
MMR007,Bago (East),MMR007001,Bago,ပဲခူးတက္ကသိုလ်,2/4/2020,66,39,105
MMR007,Bago (East),MMR007001,Bago,အသောကဘုန်းကြီးကျောင်း,2/4/2020,1,0,1
MMR013,Yangon,MMR013029,Kungyangon,အမက(မူလွန်)ရေတိမ်,2/4/2020,NA,NA,1
MMR013,Yangon,MMR013029,Kungyangon,အမက(သောင်ခုန်),2/4/2020,NA,NA,1
MMR013,Yangon,MMR013029,Kungyangon,အမက(ခလောက်တရာ),2/4/2020,NA,NA,2
MMR013,Yangon,MMR013029,Kungyangon,အမက(ပြည်တော်သာ),2/4/2020,NA,NA,3
MMR013,Yangon,MMR013029,Kungyangon,အမက(ဘန့်ဘွေးငူ),2/4/2020,NA,NA,7
MMR013,Yangon,MMR013029,Kungyangon,အမက(တော်ကူးအရှေ့),2/4/2020,NA,NA,3
MMR013,Yangon,MMR013029,Kungyangon,အမကမူကြို(မဲဇလီဝ),2/4/2020,NA,NA,1
MMR013,Yangon,MMR013029,Kungyangon,အမက(စံပြသာယာ),2/4/2020,NA,NA,4
MMR013,Yangon,MMR013029,Kungyangon,အမက(တောင်ကုန်း),2/4/2020,NA,NA,1
MMR013,Yangon,MMR013029,Kungyangon,အမက(သီရိမင်္ဂလာ),2/4/2020,NA,NA,4
MMR013,Yangon,MMR013029,Kungyangon,အမက(မူလွန်)ကန်လျားရှည်,2/4/2020,NA,NA,3
MMR009,Magway,MMR009016,Aunglan,အထက (၁) အောင်လံ,1/4/2020,84,28,112
MMR009,Magway,MMR009016,Aunglan,အထက (၂) အောင်လံ,1/4/2020,41,19,60
MMR009,Magway,MMR009016,Aunglan,အထက (၃) အောင်လံ,1/4/2020,80,29,109
MMR009,Magway,MMR009016,Aunglan,စမ်းကလေးကျေးရွာ,1/4/2020,3,1,4
MMR009,Magway,MMR009016,Aunglan,တန်ဘိုးကျေးရွာ,1/4/2020,18,1,19
MMR009,Magway,MMR009016,Aunglan,ပိတောက်ကုန်းကျေးရွာ,1/4/2020,5,0,5
MMR009,Magway,MMR009016,Aunglan,ချောင်ကျေးရွာ,1/4/2020,2,0,2
MMR009,Magway,MMR009016,Aunglan,သံရွာကျေးရွာ,1/4/2020,2,0,2
MMR009,Magway,MMR009016,Aunglan,အင်းကုန်းကျေးရွာ,1/4/2020,10,16,26
MMR009,Magway,MMR009016,Aunglan,ပဒဲစာသင်ကျောင်း,1/4/2020,2,0,2
MMR009,Magway,MMR009016,Aunglan,စီဘုန်းကြီးကျောင်း,1/4/2020,5,0,5
MMR009,Magway,MMR009016,Aunglan,ဆေးပုလဲဘုန်းကြီးကျောင်း,1/4/2020,2,0,2
MMR009,Magway,MMR009016,Aunglan,ဒါးစမ်းကျေးရွာ,1/4/2020,1,1,2
MMR009,Magway,MMR009016,Aunglan,လက်ပံလှကျေးရွာ,1/4/2020,4,3,7
MMR009,Magway,MMR009016,Aunglan,ပြကြီးကျေးရွာ,1/4/2020,1,0,1
MMR009,Magway,MMR009016,Aunglan,ကျားမွေးကျေးရွာ,1/4/2020,1,1,2
MMR009,Magway,MMR009016,Aunglan,မုန်ညှင်းရိုးကျေးရွာ,1/4/2020,3,1,4
MMR009,Magway,MMR009016,Aunglan,သံဘို,1/4/2020,1,0,1
MMR009,Magway,MMR009016,Aunglan,ကျောက်စောင်း,1/4/2020,0,1,1
MMR009,Magway,MMR009016,Aunglan,ဆင်တုတ်,1/4/2020,2,0,2
MMR009,Magway,MMR009016,Aunglan,ဂွေးချိုကျေးရွာ,1/4/2020,1,1,2
MMR009,Magway,MMR009016,Aunglan,အင်တောသာကျေးရွာ,1/4/2020,3,4,7
MMR009,Magway,MMR009016,Aunglan,ထောက်ကြံ့တိုင်း,1/4/2020,7,2,9
MMR009,Magway,MMR009016,Aunglan,မအူခုံ,1/4/2020,1,0,1
MMR009,Magway,MMR009016,Aunglan,ပြလို့ကျေးရွာ,1/4/2020,2,1,3
MMR009,Magway,MMR009016,Aunglan,ညောင်ပင်ဆိပ်,1/4/2020,1,0,1
MMR009,Magway,MMR009016,Aunglan,ကျောက်ဆွယ်ကျိုး,1/4/2020,6,0,6
MMR009,Magway,MMR009016,Aunglan,ကွမ်းလောင်းကျေးရွာ,1/4/2020,4,0,4
MMR009,Magway,MMR009016,Aunglan,ကျော်စွာကျေးရွာ,1/4/2020,2,0,2
MMR009,Magway,MMR009016,Aunglan,ကံမလေးကျေးရွာ,1/4/2020,1,0,1
MMR009,Magway,MMR009016,Aunglan,ငါ့ပြင်းကျေးရွာ,1/4/2020,2,0,2
MMR009,Magway,MMR009016,Aunglan,စစ္စပါးကျေးရွာ,1/4/2020,2,0,2
MMR009,Magway,MMR009016,Aunglan,ကျီရပ်ကုန်းကျေးရွာ,1/4/2020,2,1,3
MMR009,Magway,MMR009016,Aunglan,ကျွဲသေကျေးရွာ,1/4/2020,4,0,4
MMR009,Magway,MMR009016,Aunglan,ရေပေါ်ကျေးရွာ,1/4/2020,15,2,17
MMR009,Magway,MMR009016,Aunglan,သံချိတ်ကျေးရွာ,1/4/2020,1,5,6
MMR009,Magway,MMR009016,Aunglan,မြို့လှကျေးရွာ,1/4/2020,14,12,26
MMR009,Magway,MMR009016,Aunglan,ရွှေပန်းတောကျေးရွာ,1/4/2020,4,2,6
MMR009,Magway,MMR009016,Aunglan,ပျဉ်ထောင်,1/4/2020,1,0,1
MMR009,Magway,MMR009016,Aunglan,ဗြန်ဒီကျေးရွာ,1/4/2020,2,0,2
MMR009,Magway,MMR009016,Aunglan,မဲခေါင်းကျေးရွာ,1/4/2020,8,0,8
MMR009,Magway,MMR009016,Aunglan,ကိုးတောင်,1/4/2020,2,0,2
MMR009,Magway,MMR009016,Aunglan,တလုတ်ပင်ကျေးရွာ,1/4/2020,10,2,12
MMR009,Magway,MMR009016,Aunglan,သမ္ဘူလ,1/4/2020,31,21,52
MMR009,Magway,MMR009016,Aunglan,သိုက်ရုံကျေးရွာ,1/4/2020,2,0,2
MMR009,Magway,MMR009016,Aunglan,ရွာမထုံးကျေးရွာ,1/4/2020,4,4,8
MMR009,Magway,MMR009016,Aunglan,အောင်မြေကုန်းကျေးရွာ,1/4/2020,1,0,1
MMR009,Magway,MMR009016,Aunglan,လက်ပံစမ်းကျေးရွာ,1/4/2020,18,0,18
MMR009,Magway,MMR009016,Aunglan,ဗိုလ်လှကုန်းကျေးရွာ,1/4/2020,46,23,69
MMR009,Magway,MMR009016,Aunglan,ကွင်းလှ,1/4/2020,2,3,5
MMR009,Magway,MMR009016,Aunglan,မောက်တင်ကျေးရွာ,1/4/2020,3,4,7
MMR009,Magway,MMR009016,Aunglan,သအီဝကျေးရွာ,1/4/2020,2,2,4
MMR009,Magway,MMR009016,Aunglan,မြေရိုးကျေးရွာ,1/4/2020,6,0,6
MMR009,Magway,MMR009016,Aunglan,သနပ်ကျေးရွာ,1/4/2020,6,3,9
MMR009,Magway,MMR009016,Aunglan,ကြက်ရုံလေး,1/4/2020,5,9,14
MMR009,Magway,MMR009016,Aunglan,ကြက်ရုံကြီး,1/4/2020,1,0,1
MMR009,Magway,MMR009016,Aunglan,စခန်းကြီး,1/4/2020,15,2,17
MMR009,Magway,MMR009016,Aunglan,မိုးကောင်းကျေးရွာ,1/4/2020,6,2,8
MMR009,Magway,MMR009016,Aunglan,ပုဏ္ဏားကျေးရွာ,1/4/2020,6,0,6
MMR009,Magway,MMR009016,Aunglan,ဥယျာဉ်ကျေးရွာ,1/4/2020,2,0,2
MMR009,Magway,MMR009016,Aunglan,နေအိမ်တွင် စောင့်ကြည့်ခံရသူ-ညောင်ပင်ဆိပ်,1/4/2020,NA,NA,259
MMR009,Magway,MMR009016,Aunglan,နေအိမ်တွင် စောင့်ကြည့်ခံရသူ-ပြလို့,1/4/2020,NA,NA,198
MMR009,Magway,MMR009016,Aunglan,နေအိမ်တွင် စောင့်ကြည့်ခံရသူ-မြို့မ,1/4/2020,NA,NA,86
MMR009,Magway,MMR009016,Aunglan,နေအိမ်တွင် စောင့်ကြည့်ခံရသူ-MCH,1/4/2020,NA,NA,83
MMR009,Magway,MMR009016,Aunglan,နေအိမ်တွင် စောင့်ကြည့်ခံရသူ-ရေနံကြီး,1/4/2020,NA,NA,326
MMR009,Magway,MMR009016,Aunglan,နေအိမ်တွင် စောင့်ကြည့်ခံရသူ-စီ,1/4/2020,NA,NA,97
MMR009,Magway,MMR009016,Aunglan,နေအိမ်တွင် စောင့်ကြည့်ခံရသူ-ကျောက်ပန်းတောင်း,1/4/2020,NA,NA,329
MMR009,Magway,MMR009016,Aunglan,နေအိမ်တွင် စောင့်ကြည့်ခံရသူ-ရွှေပန်းတော,1/4/2020,NA,NA,122
MMR009,Magway,MMR009016,Aunglan,နေအိမ်တွင် စောင့်ကြည့်ခံရသူ-သမ္ဘူလ,1/4/2020,NA,NA,285
MMR009,Magway,MMR009016,Aunglan,နေအိမ်တွင် စောင့်ကြည့်ခံရသူ-တလုတ်ပင်,1/4/2020,NA,NA,94
MMR009,Magway,MMR009016,Aunglan,နေအိမ်တွင် စောင့်ကြည့်ခံရသူ-အင်းလယ်,1/4/2020,NA,NA,39
MMR007,Bago (East),MMR007014,Htantabin,"ထန်းတပင်မြို့မ,အထကထန်းတပင်",5/4/2020,57,26,83
MMR007,Bago (East),MMR007014,Htantabin,အလကခွဲဆိပ်ကြီး,5/4/2020,5,1,6
MMR007,Bago (East),MMR007014,Htantabin,အမက ရေကျော်,5/4/2020,14,1,15
MMR007,Bago (East),MMR007014,Htantabin,အလက ကြံခင်း,5/4/2020,8,12,20
MMR007,Bago (East),MMR007014,Htantabin,အလက ချောင်းခြား,5/4/2020,13,11,24
MMR007,Bago (East),MMR007014,Htantabin,အလကကျီတော်,5/4/2020,8,2,10
MMR007,Bago (East),MMR007014,Htantabin,အထကနတ်ရွာ,5/4/2020,23,13,36
MMR007,Bago (East),MMR007014,Htantabin,အလကခွဲနှစ်တန့်ကူး,5/4/2020,19,17,36
MMR007,Bago (East),MMR007014,Htantabin,အထကဇရပ်ကြီး,5/4/2020,28,25,53
MMR007,Bago (East),MMR007014,Htantabin,အထကကင်းမွန်ချုံ,5/4/2020,14,8,22
MMR007,Bago (East),MMR007014,Htantabin,အမကဒါးဒေါက်,5/4/2020,6,2,8
MMR007,Bago (East),MMR007014,Htantabin,အထကခွဲအုန်းပင်,5/4/2020,9,6,15
MMR007,Bago (East),MMR007014,Htantabin,အမကအင်းယားကြီး,5/4/2020,5,5,10
MMR007,Bago (East),MMR007014,Htantabin,အမကသပြေကုန်း,5/4/2020,12,6,18
MMR007,Bago (East),MMR007014,Htantabin,အမကစပါးကျီ,5/4/2020,9,4,13
MMR007,Bago (East),MMR007014,Htantabin,အထကခွဲမြို့စိုး,5/4/2020,7,2,9
MMR007,Bago (East),MMR007014,Htantabin,အမကကြိမ်တောမြောင်,5/4/2020,15,3,18
MMR007,Bago (East),MMR007014,Htantabin,ငါ့းဆီးလှောင်,5/4/2020,5,2,7
MMR007,Bago (East),MMR007014,Htantabin,အမကကွေ့ကြီး,5/4/2020,2,0,2
MMR007,Bago (East),MMR007014,Htantabin,အလကခွဲခြံကြီး,5/4/2020,8,2,10
MMR007,Bago (East),MMR007014,Htantabin,အထကသရက်တန်း,5/4/2020,12,13,25
MMR007,Bago (East),MMR007014,Htantabin,အထက လှည်းလမ်းကူး,5/4/2020,41,16,57
MMR007,Bago (East),MMR007014,Htantabin,အမက ကြို့ကုန်း,5/4/2020,0,2,2
MMR007,Bago (East),MMR007014,Htantabin,အမကရှားစေးဘို,5/4/2020,2,2,4
MMR007,Bago (East),MMR007014,Htantabin,အလကခွဲ ဇလုပ်ကြီး,5/4/2020,17,2,19
MMR007,Bago (East),MMR007014,Htantabin,အထက ဇီးဖြူသောင်,5/4/2020,10,8,18
MMR003,Kayin,MMR003001,Hpa-An,လှာကမြင်,2/4/2020,NA,NA,46
MMR004,Kayin,MMR003002,Hpa-An,ထောင်ဝိ,2/4/2020,NA,NA,48
MMR005,Kayin,MMR003003,Hpa-An,စိုက်သိပ္ပံ,2/4/2020,NA,NA,35
MMR006,Kayin,MMR003004,Hpa-An,တောင်ကလေး,2/4/2020,NA,NA,103
MMR007,Kayin,MMR003005,Hpa-An,အုန်းဇာပင်,2/4/2020,NA,NA,52
MMR013,Yangon,MMR013022,Mingalartaungnyunt,နေအိမ်တွင် ထားရှိစောင့်ကြည့်ခံရသူ,2/4/2020,NA,NA,40
MMR014,Yangon,MMR013023,Mingalartaungnyunt,ဘာသာရေးအဆောက်အဦး,2/4/2020,NA,NA,1
MMR015,Yangon,MMR013024,Mingalartaungnyunt,အခြားနေရာများ,2/4/2020,NA,NA,7
MMR010,Mandalay,MMR010D001,Mandalay,ရွှေပြည်သာ ဟိုတယ်၊ မန္တလေး (Hotel Quarantine),2/4/2020,NA,NA,21
MMR010,Mandalay,MMR010022,Nyaung-U,ရာဇဂြိုလ်ဟိုတယ်၊ညောင်ဦး (Hotel Quarantine),2/4/2020,NA,NA,15
MMR010,Mandalay,MMR010022,Nyaung-U,လောကသစ္စာဟိုတယ်၊ ညောင်ဦး (Hotel Quarantine),2/4/2020,NA,NA,46
MMR010,Mandalay,MMR010022,Nyaung-U,ရွှေပိုးအိမ် ဟိုတယ်၊ ညောင်ဦး (Hotel Quarantine),2/4/2020,NA,NA,10
MMR010,Mandalay,MMR010D001,Mandalay,မန္တလေး၊ (Facility Quarantine),2/4/2020,NA,NA,183
MMR010,Mandalay,MMR010D002,Pyinoolwin,ပြင်ဦးလွင်  (Facility Quarantine),2/4/2020,NA,NA,538
MMR010,Mandalay,MMR010D003,Kyaukse,ကျောက်ဆည်  (Facility Quarantine),2/4/2020,NA,NA,132
MMR010,Mandalay,MMR010D004,Myingyan,မြင်းခြံ  (Facility Quarantine),2/4/2020,NA,NA,480
MMR010,Mandalay,MMR010D007,Meiktila,မိတ္ထီလာ  (Facility Quarantine),2/4/2020,NA,NA,1438
MMR010,Mandalay,MMR010D006,Yamethin,ရမည်းသင်း  (Facility Quarantine),2/4/2020,NA,NA,1495
MMR010,Mandalay,MMR010D005,Nyaung-U,ညောင်ဦး  (Facility Quarantine),2/4/2020,NA,NA,344
MMR001,Kachin,MMR001007,Mohnyin,အထက မော်ဟန်,3/4/2020,NA,NA,37
MMR001,Kachin,MMR001007,Mohnyin,အလက(ခွဲ) နန်ရင်း၊ ဟိုပင်မြို့,3/4/2020,NA,NA,9
MMR001,Kachin,MMR001007,Mohnyin,အထက မြို့မတောင် ၊ဟိုပင်မြို့,3/4/2020,NA,NA,21
MMR001,Kachin,MMR001007,Mohnyin,အထက ညောင်ကုန်း၊ နန်းမား,3/4/2020,NA,NA,17
MMR001,Kachin,MMR001007,Mohnyin,အလက(ခွဲ) မြို့မ ရန်အောင်၊ နန်းမား,3/4/2020,NA,NA,6
MMR001,Kachin,MMR001007,Mohnyin,အထက နန့်မွန်း၊ အင်းတော်ကြီး,3/4/2020,NA,NA,14
MMR001,Kachin,MMR001011,Shwegu,နေအိမ်,3/4/2020,NA,NA,70
MMR001,Kachin,MMR001011,Shwegu,ဘာသာရေးအဆောက်အဦး,3/4/2020,NA,NA,13
MMR001,Kachin,MMR001011,Shwegu,စာသင်ကျောင်း/တက္ကသိုလ်,3/4/2020,NA,NA,88
MMR005,Sagaing,MMR005004,Shwebo,နေအိမ်,5/4/2020,NA,NA,15
MMR005,Sagaing,MMR005004,Shwebo,ဘာသာရေးအဆောက်အဦး,5/4/2020,NA,NA,14
MMR005,Sagaing,MMR005004,Shwebo,စာသင်ကျောင်း/တက္ကသိုလ်,5/4/2020,NA,NA,32
MMR005,Sagaing,MMR005006,Wetlet,နေအိမ်တွင် ထားရှိစောင့်ကြည့်ခံရသူ,5/4/2020,NA,NA,114
MMR005,Sagaing,MMR005006,Wetlet,စာသင်ကျောင်း/တက္ကသိုလ်,5/4/2020,NA,NA,78
MMR005,Sagaing,MMR005005,Khin-U,နေအိမ်,5/4/2020,NA,NA,29
MMR005,Sagaing,MMR005005,Khin-U,ဘာသာရေးအဆောက်အဦး,5/4/2020,NA,NA,3
MMR005,Sagaing,MMR005005,Khin-U,ဆေးရုံ,5/4/2020,NA,NA,1
MMR005,Sagaing,MMR005005,Khin-U,စာသင်ကျောင်း/တက္ကသိုလ်,5/4/2020,NA,NA,102
MMR005,Sagaing,MMR005005,Khin-U,အခြား,5/4/2020,NA,NA,4
MMR005,Sagaing,MMR005009,Ye-U,ဘာသာရေးအဆောက်အဦး,5/4/2020,NA,NA,1
MMR005,Sagaing,MMR005009,Ye-U,စာသင်ကျောင်း/တက္ကသိုလ်,5/4/2020,NA,NA,118
MMR005,Sagaing,MMR005011,Taze,နေအိမ်,5/4/2020,NA,NA,79
MMR005,Sagaing,MMR005011,Taze,စာသင်ကျောင်း/တက္ကသိုလ်,5/4/2020,NA,NA,128
MMR005,Sagaing,MMR005010,Tabayin,နေအိမ်,5/4/2020,NA,NA,91
MMR005,Sagaing,MMR005010,Tabayin,ဆေးရုံ,5/4/2020,NA,NA,1
MMR005,Sagaing,MMR005010,Tabayin,စာသင်ကျောင်း/တက္ကသိုလ်,5/4/2020,NA,NA,321
MMR016,Shan (East),MMR016001,Kengtung,ဆေးရုံတွင် ထားရှိစောင့်ကြည့်ခံရသူ,8/4/2020,NA,NA,2
MMR016,Shan (East),MMR016006,Monghsat,ဆေးရုံတွင် ထားရှိစောင့်ကြည့်ခံရသူ,8/4/2020,NA,NA,2
MMR016,Shan (East),MMR016010,Monghpyak,ဆေးရုံတွင် ထားရှိစောင့်ကြည့်ခံရသူ,8/4/2020,NA,NA,1
MMR002,Kayah,MMR002001,Loikaw,သာသနာ့ဗိမာန်,9/4/2020,0,2,2
MMR002,Kayah,MMR002001,Loikaw,အား/ကာသိပ္ပံ,9/4/2020,16,7,23
MMR002,Kayah,MMR002001,Loikaw,သူနာပြု/သားဖွား သင်တန်းကျောင်း,9/4/2020,0,0,0
MMR002,Kayah,MMR002001,Loikaw,အ.လ.က (၂),9/4/2020,0,0,0
MMR002,Kayah,MMR002002,Demoso,ဒီးမော့ဆို အ.ထ.က,9/4/2020,11,4,15
MMR002,Kayah,MMR002002,Demoso,နန်းမယ်ခုံ အ.ထ.က,9/4/2020,8,2,10
MMR002,Kayah,MMR002002,Demoso,ပန်ပက် အ.လ.က,9/4/2020,0,0,0
MMR002,Kayah,MMR002002,Demoso,မိုးလုံလေလုံ အားကစားရုံ,9/4/2020,1,0,1
MMR002,Kayah,MMR002003,Hpruso,မြို့နယ်ခန်းမ,9/4/2020,2,0,2
MMR002,Kayah,MMR002003,Hpruso,လောဘူးဒါး အ.လ.က(ခွဲ),9/4/2020,0,3,3
MMR002,Kayah,MMR002003,Hpruso,ဖရူဆိုဆေးရုံ,9/4/2020,2,0,2
MMR002,Kayah,MMR002004,Shadaw,ရှားတော အ.ထ.က,9/4/2020,2,0,2
MMR002,Kayah,MMR002005,Bawlake,စောလဖော်ခန်းမ + ဆေးရုံ (မိခင်ကလေးရုံးဟောင်း),9/4/2020,0,0,0
MMR002,Kayah,MMR002005,Bawlake,အ.ထ.က (ဘောလခဲ),9/4/2020,0,0,0
MMR002,Kayah,MMR002005,Bawlake,ရွာသစ် အ.ထ.က,9/4/2020,0,0,0
MMR002,Kayah,MMR002005,Bawlake,ရွာသစ်ခန်းမဆောင်,9/4/2020,0,0,0
MMR002,Kayah,MMR002006,Hpasawng,ဖားဆောင်း အ.ထ.က,9/4/2020,0,0,0
MMR002,Kayah,MMR002006,Hpasawng,လိုခါးလို ကြယ်ဖြူခန်းမ (မော်ချီး),9/4/2020,0,0,0
MMR002,Kayah,MMR002006,Hpasawng,သတ္တုတူးဖော်ရေးလုပ်ငန်းစက်ရုံ ဝန်ထမ်းအိမ်ရာ,9/4/2020,0,0,0
MMR002,Kayah,MMR002007,Mese,မယ်စဲ့မြို့နယ် ကျန်းမာရေးဌာနပိုင်အဆောက်အဦ,9/4/2020,3,3,6
MMR002,Kayah,MMR002007,Mese,မယ်စဲ့ အ.ထ.က,9/4/2020,0,0,0
MMR008,Bago (West),MMR008009,Minhla,အထက မြို့ပြင်,11/4/2020,5,1,6
MMR008,Bago (West),MMR008009,Minhla,အထက လက်ပံရေကျော်,11/4/2020,2,0,2
MMR008,Bago (West),MMR008009,Minhla,အထက စစ်ကွင်း,11/4/2020,0,0,0
MMR008,Bago (West),MMR008009,Minhla,အထက စိန်ကန့်လန့်,11/4/2020,10,3,13
MMR008,Bago (West),MMR008009,Minhla,အထက ရွှေလောင်း,11/4/2020,10,2,12
MMR008,Bago (West),MMR008009,Minhla,အထက(ခွဲ) ကိုင်းပြင်ကြီး,11/4/2020,2,1,3
MMR008,Bago (West),MMR008009,Minhla,အလက ဂန့်ဂေါ်ပင်,11/4/2020,1,0,1
MMR008,Bago (West),MMR008009,Minhla,အလက ရှားတောကွင်း,11/4/2020,2,0,2
MMR008,Bago (West),MMR008010,Okpho,အထက အုတ်ဖို,10/4/2020,NA,NA,38
MMR008,Bago (West),MMR008010,Okpho,အထက အိုးသည်ကုန်း,10/4/2020,NA,NA,3
MMR008,Bago (West),MMR008010,Okpho,အထက အေးမြသာယာ,10/4/2020,NA,NA,31
MMR008,Bago (West),MMR008010,Okpho,အထက(ခွဲ) ကိုင်းကလေး,10/4/2020,NA,NA,2
MMR008,Bago (West),MMR008010,Okpho,အလက လယ်ဦးစု,10/4/2020,NA,NA,0
MMR014,Shan (South),MMR014001,Taunggyi,စခန်းတွင် ထားရှိစောင့်ကြည့်ခံရသူ,8/4/2020,NA,NA,2917
MMR014,Shan (South),MMR014003,Hopong,စခန်းတွင် ထားရှိစောင့်ကြည့်ခံရသူ,8/4/2020,NA,NA,959
MMR014,Shan (South),MMR014004,Hsihseng,စခန်းတွင် ထားရှိစောင့်ကြည့်ခံရသူ,8/4/2020,NA,NA,75
MMR014,Shan (South),MMR014002,Nyaungshwe,စခန်းတွင် ထားရှိစောင့်ကြည့်ခံရသူ,8/4/2020,NA,NA,465
MMR014,Shan (South),MMR014008,Lawksawk,စခန်းတွင် ထားရှိစောင့်ကြည့်ခံရသူ,8/4/2020,NA,NA,0
MMR014,Shan (South),MMR014006,Pindaya,စခန်းတွင် ထားရှိစောင့်ကြည့်ခံရသူ,8/4/2020,NA,NA,454
MMR014,Shan (South),MMR014007,Ywangan,စခန်းတွင် ထားရှိစောင့်ကြည့်ခံရသူ,8/4/2020,NA,NA,18
MMR014,Shan (South),MMR014005,Kalaw,စခန်းတွင် ထားရှိစောင့်ကြည့်ခံရသူ,8/4/2020,NA,NA,8
MMR014,Shan (South),MMR014009,Pinlaung,စခန်းတွင် ထားရှိစောင့်ကြည့်ခံရသူ,8/4/2020,NA,NA,78
MMR014,Shan (South),MMR014010,Pekon,စခန်းတွင် ထားရှိစောင့်ကြည့်ခံရသူ,8/4/2020,NA,NA,147
MMR014,Shan (South),MMR014011,Loilen,စခန်းတွင် ထားရှိစောင့်ကြည့်ခံရသူ,8/4/2020,NA,NA,12
MMR014,Shan (South),MMR014012,Laihka,စခန်းတွင် ထားရှိစောင့်ကြည့်ခံရသူ,8/4/2020,NA,NA,162
MMR014,Shan (South),MMR014016,Mongkaing,စခန်းတွင် ထားရှိစောင့်ကြည့်ခံရသူ,8/4/2020,NA,NA,54
MMR014,Shan (South),MMR014015,Kyethi,စခန်းတွင် ထားရှိစောင့်ကြည့်ခံရသူ,8/4/2020,NA,NA,89
MMR014,Shan (South),MMR014017,Monghsu,စခန်းတွင် ထားရှိစောင့်ကြည့်ခံရသူ,8/4/2020,NA,NA,42
MMR014,Shan (South),MMR014014,Kunhing,စခန်းတွင် ထားရှိစောင့်ကြည့်ခံရသူ,8/4/2020,NA,NA,25
MMR014,Shan (South),MMR014013,Nansang,စခန်းတွင် ထားရှိစောင့်ကြည့်ခံရသူ,8/4/2020,NA,NA,11
MMR014,Shan (South),MMR014018,Langkho,စခန်းတွင် ထားရှိစောင့်ကြည့်ခံရသူ,8/4/2020,NA,NA,5
MMR014,Shan (South),MMR014019,Mongnai,စခန်းတွင် ထားရှိစောင့်ကြည့်ခံရသူ,8/4/2020,NA,NA,0
MMR014,Shan (South),MMR014021,Mongpan,စခန်းတွင် ထားရှိစောင့်ကြည့်ခံရသူ,8/4/2020,NA,NA,9
MMR014,Shan (South),MMR014020,Mawkmai,စခန်းတွင် ထားရှိစောင့်ကြည့်ခံရသူ,8/4/2020,NA,NA,15
MMR014,Shan (South),MMR014001,Taunggyi,နေအိမ်တွင် ထားရှိစောင့်ကြည့်ခံရသူ,8/4/2020,NA,NA,412
MMR014,Shan (South),MMR014003,Hopong,နေအိမ်တွင် ထားရှိစောင့်ကြည့်ခံရသူ,8/4/2020,NA,NA,429
MMR014,Shan (South),MMR014004,Hsihseng,နေအိမ်တွင် ထားရှိစောင့်ကြည့်ခံရသူ,8/4/2020,NA,NA,616
MMR014,Shan (South),MMR014002,Nyaungshwe,နေအိမ်တွင် ထားရှိစောင့်ကြည့်ခံရသူ,8/4/2020,NA,NA,203
MMR014,Shan (South),MMR014008,Lawksawk,နေအိမ်တွင် ထားရှိစောင့်ကြည့်ခံရသူ,8/4/2020,NA,NA,646
MMR014,Shan (South),MMR014006,Pindaya,နေအိမ်တွင် ထားရှိစောင့်ကြည့်ခံရသူ,8/4/2020,NA,NA,75
MMR014,Shan (South),MMR014007,Ywangan,နေအိမ်တွင် ထားရှိစောင့်ကြည့်ခံရသူ,8/4/2020,NA,NA,422
MMR014,Shan (South),MMR014005,Kalaw,နေအိမ်တွင် ထားရှိစောင့်ကြည့်ခံရသူ,8/4/2020,NA,NA,385
MMR014,Shan (South),MMR014009,Pinlaung,နေအိမ်တွင် ထားရှိစောင့်ကြည့်ခံရသူ,8/4/2020,NA,NA,290
MMR014,Shan (South),MMR014010,Pekon,နေအိမ်တွင် ထားရှိစောင့်ကြည့်ခံရသူ,8/4/2020,NA,NA,103
MMR014,Shan (South),MMR014011,Loilen,နေအိမ်တွင် ထားရှိစောင့်ကြည့်ခံရသူ,8/4/2020,NA,NA,175
MMR014,Shan (South),MMR014012,Laihka,နေအိမ်တွင် ထားရှိစောင့်ကြည့်ခံရသူ,8/4/2020,NA,NA,0
MMR014,Shan (South),MMR014016,Mongkaing,နေအိမ်တွင် ထားရှိစောင့်ကြည့်ခံရသူ,8/4/2020,NA,NA,78
MMR014,Shan (South),MMR014015,Kyethi,နေအိမ်တွင် ထားရှိစောင့်ကြည့်ခံရသူ,8/4/2020,NA,NA,0
MMR014,Shan (South),MMR014017,Monghsu,နေအိမ်တွင် ထားရှိစောင့်ကြည့်ခံရသူ,8/4/2020,NA,NA,35
MMR014,Shan (South),MMR014014,Kunhing,နေအိမ်တွင် ထားရှိစောင့်ကြည့်ခံရသူ,8/4/2020,NA,NA,37
MMR014,Shan (South),MMR014013,Nansang,နေအိမ်တွင် ထားရှိစောင့်ကြည့်ခံရသူ,8/4/2020,NA,NA,47
MMR014,Shan (South),MMR014018,Langkho,နေအိမ်တွင် ထားရှိစောင့်ကြည့်ခံရသူ,8/4/2020,NA,NA,35
MMR014,Shan (South),MMR014019,Mongnai,နေအိမ်တွင် ထားရှိစောင့်ကြည့်ခံရသူ,8/4/2020,NA,NA,23
MMR014,Shan (South),MMR014021,Mongpan,နေအိမ်တွင် ထားရှိစောင့်ကြည့်ခံရသူ,8/4/2020,NA,NA,8
MMR014,Shan (South),MMR014020,Mawkmai,နေအိမ်တွင် ထားရှိစောင့်ကြည့်ခံရသူ,8/4/2020,NA,NA,0
MMR016,Shan (East),MMR016001,Kengtung,ဆေးရုံတွင် ထားရှိစောင့်ကြည့်ခံရသူ,9/4/2020,NA,NA,2
MMR016,Shan (East),MMR016006,Monghsat,ဆေးရုံတွင် ထားရှိစောင့်ကြည့်ခံရသူ,9/4/2020,NA,NA,2
MMR016,Shan (East),MMR016010,Monghpyak,ဆေးရုံတွင် ထားရှိစောင့်ကြည့်ခံရသူ,9/4/2020,NA,NA,1
MMR016,Shan (East),MMR016009,Tachileik,ဆေးရုံတွင် ထားရှိစောင့်ကြည့်ခံရသူ,9/4/2020,NA,NA,2
MMR014,Shan (South),MMR014001,Taunggyi,ဆေးရုံတွင် ထားရှိစောင့်ကြည့်ခံရသူ,7/4/2020,NA,NA,9
MMR014,Shan (South),MMR014015,Kyethi,ဆေးရုံတွင် ထားရှိစောင့်ကြည့်ခံရသူ,7/4/2020,NA,NA,1
MMR014,Shan (South),MMR014001,Taunggyi,ဆေးရုံတွင် ထားရှိစောင့်ကြည့်ခံရသူ,7/4/2020,NA,NA,1
MMR014,Shan (South),MMR014004,Hsihseng,ဆေးရုံတွင် ထားရှိစောင့်ကြည့်ခံရသူ,7/4/2020,NA,NA,1
MMR006,Tanintharyi,MMR006001,Dawei,နေအိမ်တွင် ထားရှိစောင့်ကြည့်ခံရသူ,12/4/2020,NA,NA,64
MMR006,Tanintharyi,MMR006004,Yebyu,နေအိမ်တွင် ထားရှိစောင့်ကြည့်ခံရသူ,12/4/2020,NA,NA,0
MMR006,Tanintharyi,MMR006002,Launglon,နေအိမ်တွင် ထားရှိစောင့်ကြည့်ခံရသူ,12/4/2020,NA,NA,195
MMR006,Tanintharyi,MMR006003,Thayetchaung,နေအိမ်တွင် ထားရှိစောင့်ကြည့်ခံရသူ,12/4/2020,NA,NA,0
MMR006,Tanintharyi,MMR006005,Myeik,နေအိမ်တွင် ထားရှိစောင့်ကြည့်ခံရသူ,12/4/2020,NA,NA,12
MMR006,Tanintharyi,MMR006006,Kyunsu,နေအိမ်တွင် ထားရှိစောင့်ကြည့်ခံရသူ,12/4/2020,NA,NA,0
MMR006,Tanintharyi,MMR006007,Palaw,နေအိမ်တွင် ထားရှိစောင့်ကြည့်ခံရသူ,12/4/2020,NA,NA,37
MMR006,Tanintharyi,MMR006008,Tanintharyi,နေအိမ်တွင် ထားရှိစောင့်ကြည့်ခံရသူ,12/4/2020,NA,NA,24
MMR006,Tanintharyi,MMR006009,Kawthoung,နေအိမ်တွင် ထားရှိစောင့်ကြည့်ခံရသူ,12/4/2020,NA,NA,0
MMR006,Tanintharyi,MMR006010,Bokpyin,နေအိမ်တွင် ထားရှိစောင့်ကြည့်ခံရသူ,12/4/2020,NA,NA,0
MMR006,Tanintharyi,MMR006001,Dawei,ဆေးရုံတွင် ထားရှိစောင့်ကြည့်ခံရသူ,12/4/2020,NA,NA,4
MMR006,Tanintharyi,MMR006004,Yebyu,ဆေးရုံတွင် ထားရှိစောင့်ကြည့်ခံရသူ,12/4/2020,NA,NA,0
MMR006,Tanintharyi,MMR006002,Launglon,ဆေးရုံတွင် ထားရှိစောင့်ကြည့်ခံရသူ,12/4/2020,NA,NA,0
MMR006,Tanintharyi,MMR006003,Thayetchaung,ဆေးရုံတွင် ထားရှိစောင့်ကြည့်ခံရသူ,12/4/2020,NA,NA,0
MMR006,Tanintharyi,MMR006005,Myeik,ဆေးရုံတွင် ထားရှိစောင့်ကြည့်ခံရသူ,12/4/2020,NA,NA,2
MMR006,Tanintharyi,MMR006006,Kyunsu,ဆေးရုံတွင် ထားရှိစောင့်ကြည့်ခံရသူ,12/4/2020,NA,NA,0
MMR006,Tanintharyi,MMR006007,Palaw,ဆေးရုံတွင် ထားရှိစောင့်ကြည့်ခံရသူ,12/4/2020,NA,NA,0
MMR006,Tanintharyi,MMR006008,Tanintharyi,ဆေးရုံတွင် ထားရှိစောင့်ကြည့်ခံရသူ,12/4/2020,NA,NA,2
MMR006,Tanintharyi,MMR006009,Kawthoung,ဆေးရုံတွင် ထားရှိစောင့်ကြည့်ခံရသူ,12/4/2020,NA,NA,2
MMR006,Tanintharyi,MMR006010,Bokpyin,ဆေးရုံတွင် ထားရှိစောင့်ကြည့်ခံရသူ,12/4/2020,NA,NA,0
MMR006,Tanintharyi,MMR006001,Dawei,ဟိုတယ်တွင် ထားရှိစောင့်ကြည့်ခံရသူ,12/4/2020,NA,NA,0
MMR006,Tanintharyi,MMR006004,Yebyu,ဟိုတယ်တွင် ထားရှိစောင့်ကြည့်ခံရသူ,12/4/2020,NA,NA,0
MMR006,Tanintharyi,MMR006002,Launglon,ဟိုတယ်တွင် ထားရှိစောင့်ကြည့်ခံရသူ,12/4/2020,NA,NA,0
MMR006,Tanintharyi,MMR006003,Thayetchaung,ဟိုတယ်တွင် ထားရှိစောင့်ကြည့်ခံရသူ,12/4/2020,NA,NA,0
MMR006,Tanintharyi,MMR006005,Myeik,ဟိုတယ်တွင် ထားရှိစောင့်ကြည့်ခံရသူ,12/4/2020,NA,NA,32
MMR006,Tanintharyi,MMR006006,Kyunsu,ဟိုတယ်တွင် ထားရှိစောင့်ကြည့်ခံရသူ,12/4/2020,NA,NA,0
MMR006,Tanintharyi,MMR006007,Palaw,ဟိုတယ်တွင် ထားရှိစောင့်ကြည့်ခံရသူ,12/4/2020,NA,NA,0
MMR006,Tanintharyi,MMR006008,Tanintharyi,ဟိုတယ်တွင် ထားရှိစောင့်ကြည့်ခံရသူ,12/4/2020,NA,NA,0
MMR006,Tanintharyi,MMR006009,Kawthoung,ဟိုတယ်တွင် ထားရှိစောင့်ကြည့်ခံရသူ,12/4/2020,NA,NA,0
MMR006,Tanintharyi,MMR006010,Bokpyin,ဟိုတယ်တွင် ထားရှိစောင့်ကြည့်ခံရသူ,12/4/2020,NA,NA,0
MMR006,Tanintharyi,MMR006001,Dawei,ဧည့်ရိပ်သာ/ခန်းမတွင် ထားရှိစောင့်ကြည့်ခံရသူ,12/4/2020,NA,NA,0
MMR006,Tanintharyi,MMR006004,Yebyu,ဧည့်ရိပ်သာ/ခန်းမတွင် ထားရှိစောင့်ကြည့်ခံရသူ,12/4/2020,NA,NA,0
MMR006,Tanintharyi,MMR006002,Launglon,ဧည့်ရိပ်သာ/ခန်းမတွင် ထားရှိစောင့်ကြည့်ခံရသူ,12/4/2020,NA,NA,0
MMR006,Tanintharyi,MMR006003,Thayetchaung,ဧည့်ရိပ်သာ/ခန်းမတွင် ထားရှိစောင့်ကြည့်ခံရသူ,12/4/2020,NA,NA,0
MMR006,Tanintharyi,MMR006005,Myeik,ဧည့်ရိပ်သာ/ခန်းမတွင် ထားရှိစောင့်ကြည့်ခံရသူ,12/4/2020,NA,NA,0
MMR006,Tanintharyi,MMR006006,Kyunsu,ဧည့်ရိပ်သာ/ခန်းမတွင် ထားရှိစောင့်ကြည့်ခံရသူ,12/4/2020,NA,NA,0
MMR006,Tanintharyi,MMR006007,Palaw,ဧည့်ရိပ်သာ/ခန်းမတွင် ထားရှိစောင့်ကြည့်ခံရသူ,12/4/2020,NA,NA,0
MMR006,Tanintharyi,MMR006008,Tanintharyi,ဧည့်ရိပ်သာ/ခန်းမတွင် ထားရှိစောင့်ကြည့်ခံရသူ,12/4/2020,NA,NA,4
MMR006,Tanintharyi,MMR006009,Kawthoung,ဧည့်ရိပ်သာ/ခန်းမတွင် ထားရှိစောင့်ကြည့်ခံရသူ,12/4/2020,NA,NA,0
MMR006,Tanintharyi,MMR006010,Bokpyin,ဧည့်ရိပ်သာ/ခန်းမတွင် ထားရှိစောင့်ကြည့်ခံရသူ,12/4/2020,NA,NA,0
MMR006,Tanintharyi,MMR006001,Dawei,စာသင်ကျောင်း/တက္ကသိုလ်တွင် ထားရှိစောင့်ကြည့်ခံရသူ,12/4/2020,NA,NA,32
MMR006,Tanintharyi,MMR006004,Yebyu,စာသင်ကျောင်း/တက္ကသိုလ်တွင် ထားရှိစောင့်ကြည့်ခံရသူ,12/4/2020,NA,NA,136
MMR006,Tanintharyi,MMR006002,Launglon,စာသင်ကျောင်း/တက္ကသိုလ်တွင် ထားရှိစောင့်ကြည့်ခံရသူ,12/4/2020,NA,NA,118
MMR006,Tanintharyi,MMR006003,Thayetchaung,စာသင်ကျောင်း/တက္ကသိုလ်တွင် ထားရှိစောင့်ကြည့်ခံရသူ,12/4/2020,NA,NA,231
MMR006,Tanintharyi,MMR006005,Myeik,စာသင်ကျောင်း/တက္ကသိုလ်တွင် ထားရှိစောင့်ကြည့်ခံရသူ,12/4/2020,NA,NA,155
MMR006,Tanintharyi,MMR006006,Kyunsu,စာသင်ကျောင်း/တက္ကသိုလ်တွင် ထားရှိစောင့်ကြည့်ခံရသူ,12/4/2020,NA,NA,21
MMR006,Tanintharyi,MMR006007,Palaw,စာသင်ကျောင်း/တက္ကသိုလ်တွင် ထားရှိစောင့်ကြည့်ခံရသူ,12/4/2020,NA,NA,39
MMR006,Tanintharyi,MMR006008,Tanintharyi,စာသင်ကျောင်း/တက္ကသိုလ်တွင် ထားရှိစောင့်ကြည့်ခံရသူ,12/4/2020,NA,NA,123
MMR006,Tanintharyi,MMR006009,Kawthoung,စာသင်ကျောင်း/တက္ကသိုလ်တွင် ထားရှိစောင့်ကြည့်ခံရသူ,12/4/2020,NA,NA,88
MMR006,Tanintharyi,MMR006010,Bokpyin,စာသင်ကျောင်း/တက္ကသိုလ်တွင် ထားရှိစောင့်ကြည့်ခံရသူ,12/4/2020,NA,NA,52
MMR006,Tanintharyi,MMR006004,Yebyu,ဝဇွမ်းတောကျေးရွာ ဘ/က ကျောင်း,12/4/2020,NA,NA,2
MMR006,Tanintharyi,MMR006004,Yebyu,ပြင်ကြီး ဘုန်းကြီးကျောင်း,12/4/2020,NA,NA,2
MMR006,Tanintharyi,MMR006003,Thayetchaung,ရမဲမူလယဉ်ငေးရိပ်သာ,12/4/2020,NA,NA,15
MMR006,Tanintharyi,MMR006005,Myeik,ကလွင်ကျေးရွာအုပ်စု၊ အေးရိပ်ချောင်ဘုန်းကြီးကျောင်း,12/4/2020,NA,NA,51
MMR006,Tanintharyi,MMR006006,Kyunsu,ဓမ္မဂုဏ်ရည်ဘုန်းကြီးကျောင်း,12/4/2020,NA,NA,1
MMR006,Tanintharyi,MMR006006,Kyunsu,ဝေနေယျသုခဘုန်းကြီးကျောင်း,12/4/2020,NA,NA,5
MMR006,Tanintharyi,MMR006006,Kyunsu,မြတ်ရူပါရုံဘုန်းကြီးကျောင်း,12/4/2020,NA,NA,1
MMR006,Tanintharyi,MMR006006,Kyunsu,ဓမ္မရောင်စဉ်ဘုန်းကြီးကျောင်း,12/4/2020,NA,NA,1
MMR006,Tanintharyi,MMR006006,Kyunsu,သံသရာအေးဘုန်းကြီးကျောင်း,12/4/2020,NA,NA,10
MMR006,Tanintharyi,MMR006007,Palaw,လက္ကူးကျေးရွာအုပ်စု၊ လက္ကူးကျေးရွာဘုန်းကြီးကျောင်း,12/4/2020,NA,NA,2
MMR006,Tanintharyi,MMR006007,Palaw,အလယ်ပိုင်းဘုန်းကြီးကျောင်း,12/4/2020,NA,NA,2
MMR006,Tanintharyi,MMR006004,Yebyu,(ခ)ရပ်ကွက် မီးသတ်ဦးစီးဌာနဝန်ထမ်းအိမ်ရာ,12/4/2020,NA,NA,7
MMR006,Tanintharyi,MMR006005,Myeik,ကျွဲကူးကျောက်ဖျာဆိပ်ကမ်း ကုန်တင်သင်္ဘော (၃) စီးပေါ်,12/4/2020,NA,NA,13
MMR006,Tanintharyi,MMR006005,Myeik,MV စကားဝါ (၁) ရေယာဉ်,12/4/2020,NA,NA,6
MMR006,Tanintharyi,MMR006006,Kyunsu,ကံမော်နယ်မြေ မီးသတ်စခန်း,12/4/2020,NA,NA,2
MMR006,Tanintharyi,MMR006009,Kawthoung,ပုလုံးတုံတုံးကျောရွာ Shelter,12/4/2020,NA,NA,39
MMR008,Bago,MMR008012,Nattalin,အထက (အောင်ဇေယျ),12/4/2020,15,9,24
MMR008,Bago,MMR008012,Nattalin,အထက ကရင်ကုန်း,12/4/2020,6,0,6
MMR008,Bago,MMR008012,Nattalin,အထက နတ်တလင်း,12/4/2020,5,1,6
MMR008,Bago,MMR008012,Nattalin,အထက တာပွန်,12/4/2020,9,2,11
MMR008,Bago,MMR008012,Nattalin,အထက ဒမငယ်,12/4/2020,8,1,9
MMR008,Bago,MMR008012,Nattalin,အလက ပွတ်စု,12/4/2020,4,0,4
MMR008,Bago,MMR008012,Nattalin,ရေမွှေး,12/4/2020,0,0,0
MMR008,Bago,MMR008012,Nattalin,အထက(ခွဲ) ပဲမခမ်း,12/4/2020,3,0,3
MMR008,Bago,MMR008012,Nattalin,အမကလွန် ပေါက်တုန်း,12/4/2020,3,0,3
MMR008,Bago,MMR008012,Nattalin,အထက ကြိုးကြာကန်,12/4/2020,2,1,3
MMR002,Kayah,MMR002001,Loikaw,သာသနာ့ဗိမာန်,12/4/2020,0,0,0
MMR002,Kayah,MMR002001,Loikaw,အား/ကာသိပ္ပံ,12/4/2020,16,4,20
MMR002,Kayah,MMR002001,Loikaw,သူနာပြု/သားဖွား သင်တန်းကျောင်း,12/4/2020,0,0,0
MMR002,Kayah,MMR002001,Loikaw,အ.လ.က (၂),12/4/2020,0,0,0
MMR002,Kayah,MMR002002,Demoso,ဒီးမော့ဆို အ.ထ.က,12/4/2020,10,3,13
MMR002,Kayah,MMR002002,Demoso,နန်းမယ်ခုံ အ.ထ.က,12/4/2020,4,0,4
MMR002,Kayah,MMR002002,Demoso,ပန်ပက် အ.လ.က,12/4/2020,0,0,0
MMR002,Kayah,MMR002002,Demoso,မိုးလုံလေလုံ အားကစားရုံ,12/4/2020,0,0,0
MMR002,Kayah,MMR002003,Hpruso,မြို့နယ်ခန်းမ,12/4/2020,0,0,0
MMR002,Kayah,MMR002003,Hpruso,လောဘူးဒါး အ.လ.က(ခွဲ),12/4/2020,0,2,2
MMR002,Kayah,MMR002003,Hpruso,ဖရူဆိုဆေးရုံ,12/4/2020,4,0,4
MMR002,Kayah,MMR002004,Shadaw,ရှားတော အ.ထ.က,12/4/2020,0,0,0
MMR002,Kayah,MMR002005,Bawlake,စောလဖော်ခန်းမ + ဆေးရုံ (မိခင်ကလေးရုံးဟောင်း),12/4/2020,0,0,0
MMR002,Kayah,MMR002005,Bawlake,အ.ထ.က (ဘောလခဲ),12/4/2020,0,0,0
MMR002,Kayah,MMR002005,Bawlake,ရွာသစ် အ.ထ.က,12/4/2020,0,0,0
MMR002,Kayah,MMR002005,Bawlake,ရွာသစ်ခန်းမဆောင်,12/4/2020,0,0,0
MMR002,Kayah,MMR002006,Hpasawng,ဖားဆောင်း အ.ထ.က,12/4/2020,0,0,0
MMR002,Kayah,MMR002006,Hpasawng,လိုခါးလို ကြယ်ဖြူခန်းမ (မော်ချီး),12/4/2020,0,0,0
MMR002,Kayah,MMR002006,Hpasawng,သတ္တုတူးဖော်ရေးလုပ်ငန်းစက်ရုံ ဝန်ထမ်းအိမ်ရာ,12/4/2020,0,0,0
MMR002,Kayah,MMR002007,Mese,မယ်စဲ့မြို့နယ် ကျန်းမာရေးဌာနပိုင်အဆောက်အဦ,12/4/2020,0,0,0
MMR002,Kayah,MMR002007,Mese,မယ်စဲ့ အ.ထ.က,12/4/2020,0,0,0