Announcement Date,Hospital-original,hospital-name-mm,PPE,Glove,N-95,Surgical Mask,Goggle,Shoe Cover,16 slides CT,ICU Bed,ECG,Infusion Pump,Syringe Pump,Ventilators,Remarks,Ref,lat,long
27/03/2020,Yangon,ရန်ကုန်ပြည်သူ့ဆေးရုံကြီး,500,0,4000,3000,20,30,NA,NA,NA,NA,NA,NA,,https://web.facebook.com/MinistryOfHealthAndSportsMyanmar/photos/pcb.3282607838435165/3282830401746242/?type=3&theater,16.77947,96.15063
27/03/2020,Yangon,ရန်ကုန်အထူးကုဆေးရုံကြီး,50,0,1000,2000,20,30,NA,NA,NA,NA,NA,NA,,https://web.facebook.com/MinistryOfHealthAndSportsMyanmar/photos/pcb.3282607838435165/3282830401746242/?type=3&theater,16.7797,96.14403
27/03/2020,Yangon,ရန်ကုန်အထွေထွေရောဂါကုဆေးရုံသစ်ကြီး,50,0,3000,2000,0,30,NA,NA,NA,NA,NA,NA,,https://web.facebook.com/MinistryOfHealthAndSportsMyanmar/photos/pcb.3282607838435165/3282830401746242/?type=3&theater,16.77992,96.14595
27/03/2020,Yangon,ဗဟိုအမျိုးသမီးဆေးရုံကြီး,50,0,2000,2000,0,20,NA,NA,NA,NA,NA,NA,,https://web.facebook.com/MinistryOfHealthAndSportsMyanmar/photos/pcb.3282607838435165/3282830401746242/?type=3&theater,16.7853,96.13515
27/03/2020,Yangon,သင်ကြားရေးနှင့်အထွေထွေရောဂါကုဆေးရုံကြီး,200,0,3000,3000,30,20,NA,NA,NA,NA,NA,NA,,https://web.facebook.com/MinistryOfHealthAndSportsMyanmar/photos/pcb.3282607838435165/3282830401746242/?type=3&theater,16.90042,96.15841
27/03/2020,Yangon,ကလေးရောဂါအထူးကုဆေးရုံကြီး,50,0,3000,500,20,20,NA,NA,NA,NA,NA,NA,,https://web.facebook.com/MinistryOfHealthAndSportsMyanmar/photos/pcb.3282607838435165/3282830401746242/?type=3&theater,16.78848,96.13554
27/03/2020,Yangon,အရိုးရောဂါကုဆေးရုံကြီး,50,0,1000,500,10,20,NA,NA,NA,NA,NA,NA,,https://web.facebook.com/MinistryOfHealthAndSportsMyanmar/photos/pcb.3282607838435165/3282830401746242/?type=3&theater,16.81815,96.12477
27/03/2020,Yangon,သင်္ဃန်းကျွန်းစံပြအထွေထွေရောဂါကုဆေးရုံကြီး,100,0,3000,2000,30,20,NA,NA,NA,NA,NA,NA,,https://web.facebook.com/MinistryOfHealthAndSportsMyanmar/photos/pcb.3282607838435165/3282830401746242/?type=3&theater,16.83438,96.19182
27/03/2020,Yangon,အင်းစိန်အထွေထွေရောဂါကုဆေးရုံကြီး,300,0,4000,2000,10,20,NA,NA,NA,NA,NA,NA,,https://web.facebook.com/MinistryOfHealthAndSportsMyanmar/photos/pcb.3282607838435165/3282830401746242/?type=3&theater,16.89162,96.10544
27/03/2020,Yangon,ရန်ကင်းကလေးဆေးရုံ,50,0,2000,500,5,20,NA,NA,NA,NA,NA,NA,,https://web.facebook.com/MinistryOfHealthAndSportsMyanmar/photos/pcb.3282607838435165/3282830401746242/?type=3&theater,16.83497,96.1595
27/03/2020,Mandalay,မန္တလေးပြည်သူ့ဆေးရုံကြီး,600,0,4000,3000,10,20,NA,NA,NA,NA,NA,NA,,https://web.facebook.com/MinistryOfHealthAndSportsMyanmar/photos/pcb.3282607838435165/3282830401746242/?type=3&theater,21.97656,96.09196
27/03/2020,Mandalay,သင်ကြားရေးဆေးရုံကြီး,50,0,3000,500,10,20,NA,NA,NA,NA,NA,NA,,https://web.facebook.com/MinistryOfHealthAndSportsMyanmar/photos/pcb.3282607838435165/3282830401746242/?type=3&theater,21.94746,96.11128
27/03/2020,Mandalay,အရိုးရောဂါအထူးကုဆေးရုံကြီး,50,0,1000,500,10,20,NA,NA,NA,NA,NA,NA,,https://web.facebook.com/MinistryOfHealthAndSportsMyanmar/photos/pcb.3282607838435165/3282830401746242/?type=3&theater,21.94323,96.1111
27/03/2020,Mandalay,ဗဟိုအမျိုးသမီးဆေးရုံ,50,0,2000,500,10,20,NA,NA,NA,NA,NA,NA,,https://web.facebook.com/MinistryOfHealthAndSportsMyanmar/photos/pcb.3282607838435165/3282830401746242/?type=3&theater,21.97597,96.10254
27/03/2020,Mandalay,ကလေးရောဂါအထူးကုဆေးရုံကြီး (မန္တလေး) ကုတင် ၃၀၀,100,0,3000,1000,10,20,NA,NA,NA,NA,NA,NA,,https://web.facebook.com/MinistryOfHealthAndSportsMyanmar/photos/pcb.3282607838435165/3282830401746242/?type=3&theater,21.97964,96.10565
27/03/2020,Mandalay,ကလေးရောဂါအထူးကုဆေးရုံကြီး (မန္တလေး),100,0,2000,1000,10,20,NA,NA,NA,NA,NA,NA,,https://web.facebook.com/MinistryOfHealthAndSportsMyanmar/photos/pcb.3282607838435165/3282830401746242/?type=3&theater,#N/A,#N/A
27/03/2020,Nay Pyi Taw,ကုတင်(၁၀၀၀)ဆေးရုံ,200,0,4000,1000,10,20,NA,NA,NA,NA,NA,NA,,https://web.facebook.com/MinistryOfHealthAndSportsMyanmar/photos/pcb.3282607838435165/3282830401746242/?type=3&theater,0,0
27/03/2020,Magway,မကွေးမြို့သင်ကြားရေးဆေးရုံကြီး,100,0,2000,1000,10,20,NA,NA,NA,NA,NA,NA,,https://web.facebook.com/MinistryOfHealthAndSportsMyanmar/photos/pcb.3282607838435165/3282830401746242/?type=3&theater,20.16871,94.99229
27/03/2020,Shan (South),စပ်စံထွန်းဆေးရုံကြီး,100,0,4000,1000,10,10,NA,NA,NA,NA,NA,NA,,https://web.facebook.com/MinistryOfHealthAndSportsMyanmar/photos/pcb.3282607838435165/3282830401746242/?type=3&theater,20.80391,97.03799
27/03/2020,Shan (South),အမျိုးသမီးနှင့်ကလေးဆေးရုံ,50,0,2000,500,10,20,NA,NA,NA,NA,NA,NA,,https://web.facebook.com/MinistryOfHealthAndSportsMyanmar/photos/pcb.3282607838435165/3282830401746242/?type=3&theater,20.77232,97.03843
27/03/2020,Nay Pyi Taw,အရိုးအကြောဆေးရုံ,50,0,500,500,10,20,NA,NA,NA,NA,NA,NA,,https://web.facebook.com/MinistryOfHealthAndSportsMyanmar/photos/pcb.3282607838435165/3282830401746242/?type=3&theater,0,0
27/03/2020,Nay Pyi Taw,ကလေးအထူးကုဆေးရုံ (နေပြည်တော်),50,0,1000,1000,10,20,NA,NA,NA,NA,NA,NA,,https://web.facebook.com/MinistryOfHealthAndSportsMyanmar/photos/pcb.3282607838435165/3282830401746242/?type=3&theater,0,0
27/03/2020,Nay Pyi Taw,သားဖွားမီးယပ်ဆေးရုံ,50,0,1000,500,10,20,NA,NA,NA,NA,NA,NA,,https://web.facebook.com/MinistryOfHealthAndSportsMyanmar/photos/pcb.3282607838435165/3282830401746242/?type=3&theater,0,0
27/03/2020,Nay Pyi Taw,မျက်စိ၊နား၊နှာခေါင်းဆေးရုံ,50,0,500,500,10,20,NA,NA,NA,NA,NA,NA,,https://web.facebook.com/MinistryOfHealthAndSportsMyanmar/photos/pcb.3282607838435165/3282830401746242/?type=3&theater,0,0
27/03/2020,Yangon,အထူးကုဆေးရုံ(ဝေဘာဂီ),500,NA,NA,NA,NA,0,NA,NA,NA,NA,NA,NA,,https://web.facebook.com/MinistryOfHealthAndSportsMyanmar/photos/pcb.3282607838435165/3282830401746242/?type=3&theater,16.92035,96.15726
28/03/2020,Yangon,ရန်ကုန်ပြည်သူ့ဆေးရုံကြီး,500,NA,NA,NA,NA,NA,NA,NA,NA,NA,NA,NA,,https://web.facebook.com/199295433433103/posts/3283258258370123/,16.77947,96.15063
28/03/2020,Yangon,ရန်ကုန်ပြည်သူ့ဆေးရုံကြီး,500,NA,NA,NA,NA,NA,NA,NA,NA,NA,NA,NA,,https://web.facebook.com/199295433433103/posts/3283258258370123/,,
30/03/2020,Yangon,ရန်ကုန်ပြည်သူ့ဆေးရုံကြီး,500,NA,4000,5000,NA,NA,NA,NA,NA,NA,NA,NA,,https://web.facebook.com/MinistryOfHealthAndSportsMyanmar/posts/3287286627967286,,
30/03/2020,Yangon,ရန်ကုန် အထူးကုဆေးရုံကြီး,100,NA,1000,2000,NA,NA,NA,NA,NA,NA,NA,NA,,https://web.facebook.com/MinistryOfHealthAndSportsMyanmar/posts/3287286627967286,,
30/03/2020,Yangon,ရန်ကုန်အထွေထွေရောဂါကုဆေးရုံသစ်ကြီး,100,NA,3000,2000,NA,NA,NA,NA,NA,NA,NA,NA,,https://web.facebook.com/MinistryOfHealthAndSportsMyanmar/posts/3287286627967286,,
30/03/2020,Yangon,ရန်ကုန်ဗဟိုအမျိုးသမီးဆေးရုံကြီး,NA,NA,2000,2000,NA,NA,NA,NA,NA,NA,NA,NA,,https://web.facebook.com/MinistryOfHealthAndSportsMyanmar/posts/3287286627967286,,
30/03/2020,Yangon,မြောက်ဥက္ကလာပြည်သူ့ဆေးရုံကြီး,300,NA,3000,4000,NA,NA,NA,NA,NA,NA,NA,NA,,https://web.facebook.com/MinistryOfHealthAndSportsMyanmar/posts/3287286627967286,,
30/03/2020,Yangon,ရန်ကုန်ကလေးဆေးရုံကြီး,300,NA,3000,1000,NA,NA,NA,NA,NA,NA,NA,NA,,https://web.facebook.com/MinistryOfHealthAndSportsMyanmar/posts/3287286627967286,,
30/03/2020,Yangon,ရန်ကုန်အရိုးအထူးကုဆေးရုံကြီး,NA,NA,1000,1000,NA,NA,NA,NA,NA,NA,NA,NA,,https://web.facebook.com/MinistryOfHealthAndSportsMyanmar/posts/3287286627967286,,
30/03/2020,Yangon,သင်္ဃန်းကျွန်းအထွေထွေ ရောဂါကု ဆေးရုံ,300,NA,3000,2000,NA,NA,NA,NA,NA,NA,NA,NA,,https://web.facebook.com/MinistryOfHealthAndSportsMyanmar/posts/3287286627967286,,
30/03/2020,Yangon,အင်းစိန်အထွေထွေရောဂါကု ဆေးရုံကြီး,300,NA,4000,3000,NA,NA,NA,NA,NA,NA,NA,NA,,https://web.facebook.com/MinistryOfHealthAndSportsMyanmar/posts/3287286627967286,,
30/03/2020,Yangon,ရန်ကင်းကလေးဆေးရုံ,100,NA,2000,1500,NA,NA,NA,NA,NA,NA,NA,NA,,https://web.facebook.com/MinistryOfHealthAndSportsMyanmar/posts/3287286627967286,,
30/03/2020,Mandalay,မန္တလေးအထွေထွေရောဂါကုဆေးရုံကြီး,400,NA,4000,5000,NA,NA,NA,NA,NA,NA,NA,NA,,https://web.facebook.com/MinistryOfHealthAndSportsMyanmar/posts/3287286627967286,,
30/03/2020,Mandalay,မန္တလေးခုတင် ၃၀၀ သင်ကြားရေးဆေးရုံ,200,NA,3000,2000,NA,NA,NA,NA,NA,NA,NA,NA,,https://web.facebook.com/MinistryOfHealthAndSportsMyanmar/posts/3287286627967286,,
30/03/2020,Mandalay,မန္တလေး အရိုးဆေးရုံ,100,NA,1000,1000,NA,NA,NA,NA,NA,NA,NA,NA,,https://web.facebook.com/MinistryOfHealthAndSportsMyanmar/posts/3287286627967286,,
30/03/2020,Mandalay,မန္တလေး ဗဟိုအမျိုးသမီးဆေးရုံ,100,NA,2000,2000,NA,NA,NA,NA,NA,NA,NA,NA,,https://web.facebook.com/MinistryOfHealthAndSportsMyanmar/posts/3287286627967286,,
30/03/2020,Mandalay,မန္တလေးကလေးဆေးရုံ,100,NA,3000,1000,NA,NA,NA,NA,NA,NA,NA,NA,,https://web.facebook.com/MinistryOfHealthAndSportsMyanmar/posts/3287286627967286,,
30/03/2020,Mandalay,ခုတင်(၅၀၀) ကလေးဆေးရုံ၊မန္တလေး,100,NA,2000,1500,NA,NA,NA,NA,NA,NA,NA,NA,,https://web.facebook.com/MinistryOfHealthAndSportsMyanmar/posts/3287286627967286,,
30/03/2020,Nay Pyi Taw,နေပြည်တော်ကုတင်၁၀၀၀,100,NA,4000,3000,NA,NA,NA,NA,NA,NA,NA,NA,,https://web.facebook.com/MinistryOfHealthAndSportsMyanmar/posts/3287286627967286,,
30/03/2020,Magway,မကွေးသင်ကြားရေးဆေးရုံကြီး,300,NA,2000,2000,NA,NA,NA,NA,NA,NA,NA,NA,,https://web.facebook.com/MinistryOfHealthAndSportsMyanmar/posts/3287286627967286,,
30/03/2020,Shan (South),စပ်စံထွန်းဆေးရုံကြီး,300,NA,4000,2000,NA,NA,NA,NA,NA,NA,NA,NA,,https://web.facebook.com/MinistryOfHealthAndSportsMyanmar/posts/3287286627967286,20.80391,97.03799
30/03/2020,Shan (South),တောင်ကြီးအမျိုးသမီးနှင့် ကလေးဆေးရုံကြီး,100,NA,2000,2000,NA,NA,NA,NA,NA,NA,NA,NA,,https://web.facebook.com/MinistryOfHealthAndSportsMyanmar/posts/3287286627967286,,
30/03/2020,Nay Pyi Taw,နေပြည်တော်အရိုးရောဂါကုဆေးရုံကြီး,NA,NA,500,1000,NA,NA,NA,NA,NA,NA,NA,NA,,https://web.facebook.com/MinistryOfHealthAndSportsMyanmar/posts/3287286627967286,,
30/03/2020,Nay Pyi Taw,ကလေးအထူးကုဆေးရုံ (နေပြည်တော်),NA,NA,1000,2000,NA,NA,NA,NA,NA,NA,NA,NA,,https://web.facebook.com/MinistryOfHealthAndSportsMyanmar/posts/3287286627967286,,
30/03/2020,Nay Pyi Taw,နေပြည်တော်သားဖွား၊မီးယပ်ရောဂါ အထူးကုဆေးရုံ,NA,NA,1000,1000,NA,NA,NA,NA,NA,NA,NA,NA,,https://web.facebook.com/MinistryOfHealthAndSportsMyanmar/posts/3287286627967286,,
30/03/2020,Nay Pyi Taw,နေပြည်တော် မျက်စိ၊နား၊နှာခေါင်း၊လည်ချောင်း အထူးကုဆေးရုံ,NA,NA,500,1000,NA,NA,NA,NA,NA,NA,NA,NA,,https://web.facebook.com/MinistryOfHealthAndSportsMyanmar/posts/3287286627967286,,
30/03/2020,Nay Pyi Taw,ကလေးအထူးကုဆေးရုံ (နေပြည်တော်),100,NA,NA,NA,NA,NA,NA,NA,NA,NA,NA,NA,,https://web.facebook.com/MinistryOfHealthAndSportsMyanmar/posts/3287286627967286,,
30/03/2020,Nay Pyi Taw,နေပြည်တော်အရိုးရောဂါကုဆေးရုံကြီး,50,NA,NA,NA,NA,NA,NA,NA,NA,NA,NA,NA,,https://web.facebook.com/MinistryOfHealthAndSportsMyanmar/posts/3287286627967286,,
30/03/2020,Kachin,မြစ်ကြီးနားပြည်သူ့ဆေးရုံ,300,NA,NA,NA,NA,NA,NA,NA,NA,NA,NA,NA,,https://web.facebook.com/MinistryOfHealthAndSportsMyanmar/posts/3287286627967286,,
30/03/2020,Kachin,ဗန်းမော်ပြည်သူ့ဆေးရုံ,500,NA,NA,NA,NA,NA,NA,NA,NA,NA,NA,NA,,https://web.facebook.com/MinistryOfHealthAndSportsMyanmar/posts/3287286627967286,,
30/03/2020,Kayin,ဘားအံပြည်သူ့ဆေးရုံ,200,NA,NA,NA,NA,NA,NA,NA,NA,NA,NA,NA,,https://web.facebook.com/MinistryOfHealthAndSportsMyanmar/posts/3287286627967286,,
30/03/2020,Chin,ဖလမ်းပြည်သူ့ဆေးရုံကြီး,100,NA,NA,NA,NA,NA,NA,NA,NA,NA,NA,NA,,https://web.facebook.com/MinistryOfHealthAndSportsMyanmar/posts/3287286627967286,,
30/03/2020,Shan (South),စပ်စံထွန်းဆေးရုံကြီး,200,NA,NA,NA,NA,NA,NA,NA,NA,NA,NA,NA,,https://web.facebook.com/MinistryOfHealthAndSportsMyanmar/posts/3287286627967286,20.80391,97.03799
30/03/2020,Shan (North),လားရှိုးပြည်သူ့ဆေးရုံကြီး,500,NA,NA,NA,NA,NA,NA,NA,NA,NA,NA,NA,,https://web.facebook.com/MinistryOfHealthAndSportsMyanmar/posts/3287286627967286,,
30/03/2020,Yangon,ရန်ကင်းကလေးဆေးရုံ,300,NA,NA,NA,NA,NA,NA,NA,NA,NA,NA,NA,,https://web.facebook.com/MinistryOfHealthAndSportsMyanmar/posts/3287286627967286,,
30/03/2020,Yangon,သင်္ဃန်းကျွန်းအထွေထွေ ရောဂါကု ဆေးရုံ,300,NA,NA,NA,NA,NA,NA,NA,NA,NA,NA,NA,,https://web.facebook.com/MinistryOfHealthAndSportsMyanmar/posts/3287286627967286,,
30/03/2020,Sagaing,ရွှေဘိုပြည်သူ့ဆေးရုံ,300,NA,NA,NA,NA,NA,NA,NA,NA,NA,NA,NA,,https://web.facebook.com/MinistryOfHealthAndSportsMyanmar/posts/3287286627967286,,
30/03/2020,Sagaing,ကလေးပြည်သူ့ဆေးရုံ,300,NA,NA,NA,NA,NA,NA,NA,NA,NA,NA,NA,,https://web.facebook.com/MinistryOfHealthAndSportsMyanmar/posts/3287286627967286,,
30/03/2020,Ayeyarwady,ပုသိမ်ပြည်သူ့ဆေးရုံကြီး,100,NA,NA,NA,NA,NA,NA,NA,NA,NA,NA,NA,,https://web.facebook.com/MinistryOfHealthAndSportsMyanmar/posts/3287286627967286,,
30/03/2020,Yangon,ရန်ကုန်ပြည်သူ့ဆေးရုံကြီး,500,NA,NA,NA,NA,NA,NA,NA,NA,NA,NA,NA,,https://mobile.facebook.com/MinistryOfHealthAndSportsMyanmar/posts/3288859214476694?d=m&_rdc=1&_rdr,,
30/03/2020,Yangon,ရန်ကုန် အထူးကုဆေးရုံကြီး,100,NA,NA,NA,NA,NA,NA,NA,NA,NA,NA,NA,,https://mobile.facebook.com/MinistryOfHealthAndSportsMyanmar/posts/3288859214476694?d=m&_rdc=1&_rdr,,
30/03/2020,Yangon,ရန်ကုန်အထွေထွေရောဂါကုဆေးရုံသစ်ကြီး,100,NA,NA,NA,NA,NA,NA,NA,NA,NA,NA,NA,,https://mobile.facebook.com/MinistryOfHealthAndSportsMyanmar/posts/3288859214476694?d=m&_rdc=1&_rdr,,
30/03/2020,Yangon,မြောက်ဥက္ကလာပြည်သူ့ဆေးရုံကြီး,300,NA,NA,NA,NA,NA,NA,NA,NA,NA,NA,NA,,https://mobile.facebook.com/MinistryOfHealthAndSportsMyanmar/posts/3288859214476694?d=m&_rdc=1&_rdr,,
30/03/2020,Yangon,ရန်ကုန်ကလေးဆေးရုံကြီး,300,NA,NA,NA,NA,NA,NA,NA,NA,NA,NA,NA,,https://mobile.facebook.com/MinistryOfHealthAndSportsMyanmar/posts/3288859214476694?d=m&_rdc=1&_rdr,,
30/03/2020,Yangon,သင်္ဃန်းကျွန်းအထွေထွေ ရောဂါကု ဆေးရုံ,300,NA,NA,NA,NA,NA,NA,NA,NA,NA,NA,NA,,https://mobile.facebook.com/MinistryOfHealthAndSportsMyanmar/posts/3288859214476694?d=m&_rdc=1&_rdr,,
30/03/2020,Yangon,အင်းစိန်အထွေထွေရောဂါကု ဆေးရုံကြီး,300,NA,NA,NA,NA,NA,NA,NA,NA,NA,NA,NA,,https://mobile.facebook.com/MinistryOfHealthAndSportsMyanmar/posts/3288859214476694?d=m&_rdc=1&_rdr,,
30/03/2020,Yangon,ရန်ကင်းကလေးဆေးရုံ,100,NA,NA,NA,NA,NA,NA,NA,NA,NA,NA,NA,,https://mobile.facebook.com/MinistryOfHealthAndSportsMyanmar/posts/3288859214476694?d=m&_rdc=1&_rdr,,
30/03/2020,Mandalay,မန္တလေးအထွေထွေရောဂါကုဆေးရုံကြီး,400,NA,NA,NA,NA,NA,NA,NA,NA,NA,NA,NA,,https://mobile.facebook.com/MinistryOfHealthAndSportsMyanmar/posts/3288859214476694?d=m&_rdc=1&_rdr,,
30/03/2020,Mandalay,မန္တလေးခုတင် ၃၀၀ သင်ကြားရေးဆေးရုံ,200,NA,NA,NA,NA,NA,NA,NA,NA,NA,NA,NA,,https://mobile.facebook.com/MinistryOfHealthAndSportsMyanmar/posts/3288859214476694?d=m&_rdc=1&_rdr,,
30/03/2020,Mandalay,မန္တလေး အရိုးဆေးရုံ,100,NA,NA,NA,NA,NA,NA,NA,NA,NA,NA,NA,,https://mobile.facebook.com/MinistryOfHealthAndSportsMyanmar/posts/3288859214476694?d=m&_rdc=1&_rdr,,
30/03/2020,Mandalay,မန္တလေး ဗဟိုအမျိုးသမီးဆေးရုံ,100,NA,NA,NA,NA,NA,NA,NA,NA,NA,NA,NA,,https://mobile.facebook.com/MinistryOfHealthAndSportsMyanmar/posts/3288859214476694?d=m&_rdc=1&_rdr,,
30/03/2020,Mandalay,မန္တလေးကလေးဆေးရုံ,100,NA,NA,NA,NA,NA,NA,NA,NA,NA,NA,NA,,https://mobile.facebook.com/MinistryOfHealthAndSportsMyanmar/posts/3288859214476694?d=m&_rdc=1&_rdr,,
30/03/2020,Mandalay,ခုတင်(၅၀၀) ကလေးဆေးရုံ၊မန္တလေး,100,NA,NA,NA,NA,NA,NA,NA,NA,NA,NA,NA,,https://mobile.facebook.com/MinistryOfHealthAndSportsMyanmar/posts/3288859214476694?d=m&_rdc=1&_rdr,,
30/03/2020,Nay Pyi Taw,နေပြည်တော်ကုတင်၁၀၀၀,100,NA,NA,NA,NA,NA,NA,NA,NA,NA,NA,NA,,https://mobile.facebook.com/MinistryOfHealthAndSportsMyanmar/posts/3288859214476694?d=m&_rdc=1&_rdr,,
30/03/2020,Magway,မကွေးသင်ကြားရေးဆေးရုံကြီး,300,NA,NA,NA,NA,NA,NA,NA,NA,NA,NA,NA,,https://mobile.facebook.com/MinistryOfHealthAndSportsMyanmar/posts/3288859214476694?d=m&_rdc=1&_rdr,,
30/03/2020,Shan (South),စပ်စံထွန်းဆေးရုံကြီး,300,NA,NA,NA,NA,NA,NA,NA,NA,NA,NA,NA,,https://mobile.facebook.com/MinistryOfHealthAndSportsMyanmar/posts/3288859214476694?d=m&_rdc=1&_rdr,20.80391,97.03799
30/03/2020,Shan (South),တောင်ကြီးအမျိုးသမီးနှင့် ကလေးဆေးရုံကြီး,100,NA,NA,NA,NA,NA,NA,NA,NA,NA,NA,NA,,https://mobile.facebook.com/MinistryOfHealthAndSportsMyanmar/posts/3288859214476694?d=m&_rdc=1&_rdr,,
30/03/2020,Yangon,ဝေဘာဂီဆေးရုံ,600,NA,NA,NA,NA,NA,NA,NA,NA,NA,NA,NA,,https://mobile.facebook.com/MinistryOfHealthAndSportsMyanmar/posts/3288859214476694?d=m&_rdc=1&_rdr,,
30/03/2020,Yangon,အမျိုးသားကျန်းမာရေးဓာတ်ခွဲခန်း,300,NA,NA,NA,NA,NA,NA,NA,NA,NA,NA,NA,,https://mobile.facebook.com/MinistryOfHealthAndSportsMyanmar/posts/3288859214476694?d=m&_rdc=1&_rdr,,
01/04/2020,Nay Pyi Taw,နေပြည်တော်ကုတင်၁၀၀၀,500,NA,NA,NA,NA,NA,NA,NA,NA,NA,NA,NA,,https://www.facebook.com/199295433433103/posts/3292724687423480/,,
01/04/2020,Mandalay,မန္တလေးအထွေထွေရောဂါကုဆေးရုံကြီး,NA,NA,NA,5000,NA,NA,NA,NA,NA,NA,NA,NA,,https://www.facebook.com/199295433433103/posts/3292724687423480/,,
01/04/2020,Mandalay,မန္တလေး ဗဟိုအမျိုးသမီးဆေးရုံ,NA,NA,NA,3000,NA,NA,NA,NA,NA,NA,NA,NA,,https://www.facebook.com/199295433433103/posts/3292724687423480/,,
01/04/2020,Mandalay,ခုတင်(၅၀၀) ကလေးဆေးရုံ၊မန္တလေး,NA,NA,NA,3000,NA,NA,NA,NA,NA,NA,NA,NA,,https://www.facebook.com/199295433433103/posts/3292724687423480/,,
01/04/2020,Mandalay,မန္တလေးကလေးဆေးရုံ,NA,NA,NA,3000,NA,NA,NA,NA,NA,NA,NA,NA,,https://www.facebook.com/199295433433103/posts/3292724687423480/,,
01/04/2020,Mandalay,မန္တလေးခုတင် ၃၀၀ သင်ကြားရေးဆေးရုံ,NA,NA,NA,3000,NA,NA,NA,NA,NA,NA,NA,NA,,https://www.facebook.com/199295433433103/posts/3292724687423480/,,
01/04/2020,Mandalay,မန္တလေး အရိုးဆေးရုံ,NA,NA,NA,3000,NA,NA,NA,NA,NA,NA,NA,NA,,https://www.facebook.com/199295433433103/posts/3292724687423480/,,
01/04/2020,Yangon,ရန်ကုန်ပြည်သူ့ဆေးရုံကြီး,1000,NA,NA,6000,NA,NA,NA,NA,NA,NA,NA,NA,,https://www.facebook.com/199295433433103/posts/3292724687423480/,,
01/04/2020,Yangon,ရန်ကုန် အထူးကုဆေးရုံကြီး,200,NA,NA,3000,NA,NA,NA,NA,NA,NA,NA,NA,,https://www.facebook.com/199295433433103/posts/3292724687423480/,,
01/04/2020,Yangon,ရန်ကုန်အထွေထွေရောဂါကုဆေးရုံသစ်ကြီး,200,NA,NA,3000,NA,NA,NA,NA,NA,NA,NA,NA,,https://www.facebook.com/199295433433103/posts/3292724687423480/,,
01/04/2020,Yangon,ရန်ကုန်ဗဟိုအမျိုးသမီးဆေးရုံကြီး,100,NA,NA,1000,NA,NA,NA,NA,NA,NA,NA,NA,,https://www.facebook.com/199295433433103/posts/3292724687423480/,,
01/04/2020,Yangon,မြောက်ဥက္ကလာပြည်သူ့ဆေးရုံကြီး,500,NA,NA,1000,NA,NA,NA,NA,NA,NA,NA,NA,,https://www.facebook.com/199295433433103/posts/3292724687423480/,,
01/04/2020,Yangon,ရန်ကုန်ကလေးဆေးရုံကြီး,100,NA,NA,1000,NA,NA,NA,NA,NA,NA,NA,NA,,https://www.facebook.com/199295433433103/posts/3292724687423480/,,
01/04/2020,Yangon,ရန်ကုန်အရိုးအထူးကုဆေးရုံကြီး,NA,NA,NA,1000,NA,NA,NA,NA,NA,NA,NA,NA,,https://www.facebook.com/199295433433103/posts/3292724687423480/,,
01/04/2020,Yangon,သင်္ဃန်းကျွန်းအထွေထွေ ရောဂါကု ဆေးရုံ,200,NA,NA,3000,NA,NA,NA,NA,NA,NA,NA,NA,,https://www.facebook.com/199295433433103/posts/3292724687423480/,,
01/04/2020,Yangon,အင်းစိန်အထွေထွေရောဂါကု ဆေးရုံကြီး,300,NA,NA,3000,NA,NA,NA,NA,NA,NA,NA,NA,,https://www.facebook.com/199295433433103/posts/3292724687423480/,,
01/04/2020,Yangon,ရန်ကင်းကလေးဆေးရုံ,200,NA,NA,3000,NA,NA,NA,NA,NA,NA,NA,NA,,https://www.facebook.com/199295433433103/posts/3292724687423480/,,
01/04/2020,Yangon,ဝေဘာဂီဆေးရုံ,1000,NA,NA,5000,NA,NA,NA,NA,NA,NA,NA,NA,,https://www.facebook.com/199295433433103/posts/3292724687423480/,,
01/04/2020,Shan (South),စပ်စံထွန်းဆေးရုံကြီး,300,NA,NA,NA,NA,NA,NA,NA,NA,NA,NA,NA,,https://www.facebook.com/199295433433103/posts/3292724687423480/,20.80391,97.03799
01/04/2020,Shan (South),တောင်ကြီးအမျိုးသမီးနှင့် ကလေးဆေးရုံကြီး,100,NA,NA,NA,NA,NA,NA,NA,NA,NA,NA,NA,,https://www.facebook.com/199295433433103/posts/3292724687423480/,,
01/04/2020,Yangon,အမျိုးသားကျန်းမာရေးဓာတ်ခွဲခန်း,500,NA,NA,3000,NA,NA,NA,NA,NA,NA,NA,NA,,https://www.facebook.com/199295433433103/posts/3292724687423480/,,
30/03/2020,Yangon,ဝေဘာဂီဆေးရုံ,NA,NA,NA,NA,NA,NA,NA,NA,NA,NA,NA,NA,Machine,https://web.facebook.com/MinistryOfHealthAndSportsMyanmar/photos/pcb.3287286627967286/3287286051300677/?type=3&theater,,
30/03/2020,Kayin,ဘားအံပြည်သူ့ဆေးရုံ,NA,NA,NA,NA,NA,NA,NA,4,1,3,3,NA,Machine,https://web.facebook.com/MinistryOfHealthAndSportsMyanmar/photos/pcb.3287286627967286/3287286051300677/?type=3&theater,,
30/03/2020,Chin,ဖလမ်းပြည်သူ့ဆေးရုံကြီး,NA,NA,NA,NA,NA,NA,NA,1,1,NA,NA,NA,Machine,https://web.facebook.com/MinistryOfHealthAndSportsMyanmar/photos/pcb.3287286627967286/3287286051300677/?type=3&theater,,
30/03/2020,Kachin,ဗန်းမော်ပြည်သူ့ဆေးရုံ,NA,NA,NA,NA,NA,NA,NA,4,1,4,4,NA,Machine,https://web.facebook.com/MinistryOfHealthAndSportsMyanmar/photos/pcb.3287286627967286/3287286051300677/?type=3&theater,,
30/03/2020,Shan (North),လားရှိုးပြည်သူ့ဆေးရုံကြီး,NA,NA,NA,NA,NA,NA,NA,5,1,NA,3,NA,Machine,https://web.facebook.com/MinistryOfHealthAndSportsMyanmar/photos/pcb.3287286627967286/3287286051300677/?type=3&theater,,
30/03/2020,Sagaing,ရွှေဘိုပြည်သူ့ဆေးရုံ,NA,NA,NA,NA,NA,NA,NA,2,NA,2,2,NA,Machine,https://web.facebook.com/MinistryOfHealthAndSportsMyanmar/photos/pcb.3287286627967286/3287286051300677/?type=3&theater,,
30/03/2020,Magway,မင်းဘူးမြို့ပြည်သူ့ဆေးရုံ,NA,NA,NA,NA,NA,NA,NA,2,NA,NA,2,NA,Machine,https://web.facebook.com/MinistryOfHealthAndSportsMyanmar/photos/pcb.3287286627967286/3287286051300677/?type=3&theater,,
30/03/2020,Mandalay,မန္တလေးအထွေထွေရောဂါကုဆေးရုံကြီး,NA,NA,NA,NA,NA,NA,NA,NA,1,NA,NA,NA,Machine,https://web.facebook.com/MinistryOfHealthAndSportsMyanmar/photos/pcb.3287286627967286/3287286051300677/?type=3&theater,,
30/03/2020,Yangon,ရန်ကုန်ပြည်သူ့ဆေးရုံကြီး,NA,NA,NA,NA,NA,NA,NA,NA,NA,NA,NA,6,Machine,https://mobile.facebook.com/MinistryOfHealthAndSportsMyanmar/posts/3288859214476694?d=m&_rdc=1&_rdr,,
30/03/2020,Yangon,မြောက်ဥက္ကလာပြည်သူ့ဆေးရုံကြီး,NA,NA,NA,NA,NA,NA,NA,NA,NA,NA,NA,6,Machine,https://mobile.facebook.com/MinistryOfHealthAndSportsMyanmar/posts/3288859214476694?d=m&_rdc=1&_rdr,,
30/03/2020,Yangon,ဝေဘာဂီဆေးရုံ,NA,NA,NA,NA,NA,NA,NA,NA,NA,NA,NA,8,Machine,https://mobile.facebook.com/MinistryOfHealthAndSportsMyanmar/posts/3288859214476694?d=m&_rdc=1&_rdr,,
30/03/2020,Yangon,တောင်ဥက္ကလာ အမျိုးသမီးနှင့် ကလေးဆေးရုံကြီး,NA,NA,NA,NA,NA,NA,NA,12,NA,NA,NA,NA,Machine,https://mobile.facebook.com/MinistryOfHealthAndSportsMyanmar/posts/3288859214476694?d=m&_rdc=1&_rdr,,
01/04/2020,Nay Pyi Taw,နေပြည်တော်ကုတင်၁၀၀၀,500,NA,NA,NA,NA,NA,NA,NA,NA,NA,NA,NA,,,,
01/04/2020,Mandalay,မန္တလေးအထွေထွေရောဂါကုဆေးရုံကြီး,0,NA,5000,NA,NA,NA,NA,NA,NA,NA,NA,NA,,,,
01/04/2020,Mandalay,မန္တလေး ဗဟိုအမျိုးသမီးဆေးရုံ,0,NA,3000,NA,NA,NA,NA,NA,NA,NA,NA,NA,,,,
01/04/2020,Mandalay,ခုတင်(၅၀၀) ကလေးဆေးရုံ၊မန္တလေး,0,NA,3000,NA,NA,NA,NA,NA,NA,NA,NA,NA,,,,
01/04/2020,Mandalay,မန္တလေးကလေးဆေးရုံ,0,NA,3000,NA,NA,NA,NA,NA,NA,NA,NA,NA,,,,
01/04/2020,Mandalay,မန္တလေးခုတင် ၃၀၀ သင်ကြားရေးဆေးရုံ,0,NA,3000,NA,NA,NA,NA,NA,NA,NA,NA,NA,,,,
01/04/2020,Mandalay,မန္တလေး အရိုးဆေးရုံ,0,NA,3000,NA,NA,NA,NA,NA,NA,NA,NA,NA,,,,
01/04/2020,Yangon,ရန်ကုန်ပြည်သူ့ဆေးရုံကြီး,1000,NA,6000,NA,NA,NA,NA,NA,NA,NA,NA,NA,,,,
01/04/2020,Yangon,ရန်ကုန် အထူးကုဆေးရုံကြီး,200,NA,3000,NA,NA,NA,NA,NA,NA,NA,NA,NA,,,,
01/04/2020,Yangon,ရန်ကုန်အထွေထွေရောဂါကုဆေးရုံသစ်ကြီး,200,NA,3000,NA,NA,NA,NA,NA,NA,NA,NA,NA,,,,
01/04/2020,Yangon,ရန်ကုန်ဗဟိုအမျိုးသမီးဆေးရုံကြီး,100,NA,1000,NA,NA,NA,NA,NA,NA,NA,NA,NA,,,,
01/04/2020,Yangon,မြောက်ဥက္ကလာပြည်သူ့ဆေးရုံကြီး,500,NA,1000,NA,NA,NA,NA,NA,NA,NA,NA,NA,,,,
01/04/2020,Yangon,ရန်ကုန်ကလေးဆေးရုံကြီး,100,NA,1000,NA,NA,NA,NA,NA,NA,NA,NA,NA,,,,
01/04/2020,Yangon,ရန်ကုန်အရိုးအထူးကုဆေးရုံကြီး,0,NA,1000,NA,NA,NA,NA,NA,NA,NA,NA,NA,,,,
01/04/2020,Yangon,သင်္ဃန်းကျွန်းအထွေထွေ ရောဂါကု ဆေးရုံ,200,NA,3000,NA,NA,NA,NA,NA,NA,NA,NA,NA,,,,
01/04/2020,Yangon,အင်းစိန်အထွေထွေရောဂါကု ဆေးရုံကြီး,300,NA,3000,NA,NA,NA,NA,NA,NA,NA,NA,NA,,,,
01/04/2020,Yangon,ရန်ကင်းကလေးဆေးရုံ,200,NA,3000,NA,NA,NA,NA,NA,NA,NA,NA,NA,,,,
01/04/2020,Yangon,ဝေဘာဂီဆေးရုံ,1000,NA,5000,NA,NA,NA,NA,NA,NA,NA,NA,NA,,,,
01/04/2020,Shan (South),စဝ်စံထွန်းဆေးရုံကြီး,300,NA,NA,NA,NA,NA,NA,NA,NA,NA,NA,NA,,,,
01/04/2020,Shan (South),တောင်ကြီးအမျိုးသမီးနှင့် ကလေးဆေးရုံကြီး,100,NA,NA,NA,NA,NA,NA,NA,NA,NA,NA,NA,,,,
01/04/2020,Yangon,အမျိုးသားကျန်းမာရေးဓာတ်ခွဲခန်း,500,NA,3000,NA,NA,NA,NA,NA,NA,NA,NA,NA,,,,
03/04/2020,Nay Pyi Taw,နေပြည်တော်ကုတင်၁၀၀၀,NA,NA,NA,NA,NA,NA,NA,NA,NA,NA,NA,NA,,,,
03/04/2020,Nay Pyi Taw,ကလေးအထူးကုဆေးရုံ၊ နေပြည်တော်,NA,NA,NA,NA,NA,NA,NA,NA,NA,NA,NA,NA,,,,
03/04/2020,Nay Pyi Taw,အငြိမ်းစားနိုင်ငံ့ဝန်ထမ်းဆေးရုံ,NA,NA,NA,NA,NA,NA,NA,NA,NA,NA,NA,NA,,,,
03/04/2020,Yangon,မြောက်ဥက္ကလာပြည်သူ့ဆေးရုံကြီး,NA,NA,NA,NA,NA,NA,NA,NA,NA,NA,NA,NA,,,,
02/04/2020,Nay Pyi Taw,နေပြည်တော်ကုတင်၁၀၀၀,NA,NA,NA,NA,20000,NA,NA,NA,NA,NA,NA,NA,,,,
02/04/2020,Mandalay,မန္တလေးအထွေထွေရောဂါကုဆေးရုံကြီး,NA,NA,NA,NA,5000,NA,NA,NA,NA,NA,NA,NA,,,,
02/04/2020,Mandalay,မန္တလေး ဗဟိုအမျိုးသမီးဆေးရုံ,NA,NA,NA,NA,10000,NA,NA,NA,NA,NA,NA,NA,,,,
02/04/2020,Mandalay,မန္တလေးကလေးဆေးရုံ,NA,NA,NA,NA,5000,NA,NA,NA,NA,NA,NA,NA,,,,
02/04/2020,Yangon,ခုတင်(၅၅၀) ကလေးဆေးရုံ၊ ရန်ကုန်,NA,NA,NA,NA,10000,NA,NA,NA,NA,NA,NA,NA,,,,
02/04/2020,Mandalay,မန္တလေးခုတင် ၃၀၀ သင်ကြားရေးဆေးရုံ,NA,NA,NA,NA,5000,NA,NA,NA,NA,NA,NA,NA,,,,
02/04/2020,Mandalay,မန္တလေး အရိုးဆေးရုံ,NA,NA,NA,NA,5000,NA,NA,NA,NA,NA,NA,NA,,,,
02/04/2020,Yangon,ရန်ကုန်ပြည်သူ့ဆေးရုံကြီး,NA,NA,NA,NA,30000,NA,NA,NA,NA,NA,NA,NA,,,,
02/04/2020,Yangon,ရန်ကုန် အထူးကုဆေးရုံကြီး,NA,NA,NA,NA,15000,NA,NA,NA,NA,NA,NA,NA,,,,
02/04/2020,Yangon,ရန်ကုန်အထွေထွေရောဂါကုဆေးရုံသစ်ကြီး,NA,NA,NA,NA,15000,NA,NA,NA,NA,NA,NA,NA,,,,
02/04/2020,Yangon,ရန်ကုန်ဗဟိုအမျိုးသမီးဆေးရုံကြီး,NA,NA,NA,NA,5000,NA,NA,NA,NA,NA,NA,NA,,,,
02/04/2020,Yangon,မြောက်ဥက္ကလာပြည်သူ့ဆေးရုံကြီး,NA,NA,NA,NA,30000,NA,NA,NA,NA,NA,NA,NA,,,,
02/04/2020,Yangon,ရန်ကုန်ကလေးဆေးရုံကြီး,NA,NA,NA,NA,10000,NA,NA,NA,NA,NA,NA,NA,,,,
02/04/2020,Yangon,ရန်ကုန်အရိုးအထူးကုဆေးရုံကြီး,NA,NA,NA,NA,5000,NA,NA,NA,NA,NA,NA,NA,,,,
02/04/2020,Yangon,သင်္ဃန်းကျွန်းအထွေထွေ ရောဂါကု ဆေးရုံ,NA,NA,NA,NA,25000,NA,NA,NA,NA,NA,NA,NA,,,,
02/04/2020,Yangon,အင်းစိန်အထွေထွေရောဂါကု ဆေးရုံကြီး,NA,NA,NA,NA,20000,NA,NA,NA,NA,NA,NA,NA,,,,
02/04/2020,Yangon,ရန်ကင်းကလေးဆေးရုံ,NA,NA,NA,NA,10000,NA,NA,NA,NA,NA,NA,NA,,,,
02/04/2020,Shan (South),စဝ်စံထွန်းဆေးရုံကြီး,NA,NA,NA,NA,15000,NA,NA,NA,NA,NA,NA,NA,,,,
02/04/2020,Shan (South),တောင်ကြီးအမျိုးသမီးနှင့် ကလေးဆေးရုံကြီး,NA,NA,NA,NA,10000,NA,NA,NA,NA,NA,NA,NA,,,,
02/04/2020,Nay Pyi Taw,နေပြည်တော် မျက်စိ၊နား၊နှာခေါင်း၊လည်ချောင်း အထူးကုဆေးရုံ,NA,NA,NA,NA,5000,NA,NA,NA,NA,NA,NA,NA,,,,
02/04/2020,Magway,မကွေးသင်ကြားရေးဆေးရုံကြီး,NA,NA,NA,NA,10000,NA,NA,NA,NA,NA,NA,NA,,,,
02/04/2020,Nay Pyi Taw,နေပြည်တော်အရိုးရောဂါကုဆေးရုံကြီး,NA,NA,NA,NA,5000,NA,NA,NA,NA,NA,NA,NA,,,,
02/04/2020,Nay Pyi Taw,ကလေးအထူးကုဆေးရုံ၊ နေပြည်တော်,NA,NA,NA,NA,5000,NA,NA,NA,NA,NA,NA,NA,,,,
02/04/2020,Nay Pyi Taw,နေပြည်တော်သားဖွား၊မီးယပ်ရောဂါ အထူးကုဆေးရုံ,NA,NA,NA,NA,5000,NA,NA,NA,NA,NA,NA,NA,,,,
04/04/2020,Yangon,ရန်ကုန်လေဆိပ်,NA,NA,NA,NA,NA,NA,NA,NA,NA,NA,NA,NA,,,,
04/04/2020,Yangon,ဗဟိုကူးစက်,NA,NA,NA,NA,NA,NA,NA,NA,NA,NA,NA,NA,,,,
04/04/2020,Yangon,တောင်ဥက္ကလာဆေးရုံ,NA,NA,NA,NA,NA,NA,NA,NA,NA,NA,NA,NA,,,,
04/04/2020,Bago,ပဲခူး ပြည်သူ့ဆေးရုံကြီး,NA,NA,NA,NA,NA,NA,NA,NA,NA,NA,NA,NA,,,,
01/04/2020,Yangon,ဗဟိုကူးစက်,NA,NA,NA,NA,NA,NA,NA,NA,NA,NA,NA,NA,,,,
01/04/2020,Yangon,တောင်ဥက္ကလာဆေးရုံ,NA,NA,NA,NA,NA,NA,NA,NA,NA,NA,NA,NA,,,,
01/04/2020,Yangon,မှော်ဘီဆေးရုံ,NA,NA,NA,NA,NA,NA,NA,NA,NA,NA,NA,NA,,,,
01/04/2020,Yangon,ဝေဘာဂီဆေးရုံ,NA,NA,NA,NA,NA,NA,NA,NA,NA,NA,NA,NA,,,,
03/04/2020,Yangon,ဝေဘာဂီဆေးရုံ,NA,NA,NA,NA,NA,NA,NA,NA,NA,NA,NA,NA,,,,
03/04/2020,Yangon,ရန်ကုန်ပြည်သူ့ဆေးရုံကြီး,NA,NA,NA,NA,NA,NA,NA,NA,NA,NA,NA,NA,,,,
03/04/2020,Yangon,ရန်ကုန်အထွေထွေရောဂါကုဆေးရုံသစ်ကြီး,NA,NA,NA,NA,NA,NA,NA,NA,NA,NA,NA,NA,,,,
03/04/2020,Yangon,ရန်ကုန်ကလေးဆေးရုံကြီး,NA,NA,NA,NA,NA,NA,NA,NA,NA,NA,NA,NA,,,,
03/04/2020,Yangon,ခုတင်(၅၅၀) ကလေးဆေးရုံ၊ ရန်ကုန်,NA,NA,NA,NA,NA,NA,NA,NA,NA,NA,NA,NA,,,,
03/04/2020,Yangon,ရန်ကုန်ဗဟိုအမျိုးသမီးဆေးရုံကြီး,NA,NA,NA,NA,NA,NA,NA,NA,NA,NA,NA,NA,,,,
03/04/2020,Yangon,ရန်ကုန်အရိုးအထူးကုဆေးရုံကြီး,NA,NA,NA,NA,NA,NA,NA,NA,NA,NA,NA,NA,,,,
03/04/2020,Yangon,မြောက်ဥက္ကလာပြည်သူ့ဆေးရုံကြီး,NA,NA,NA,NA,NA,NA,NA,NA,NA,NA,NA,NA,,,,
03/04/2020,Yangon,အင်းစိန်အထွေထွေရောဂါကု ဆေးရုံကြီး,NA,NA,NA,NA,NA,NA,NA,NA,NA,NA,NA,NA,,,,
03/04/2020,Yangon,ရန်ကုန်ခုတင်၅၀၀အထူးကုဆေးရုံ,NA,NA,NA,NA,NA,NA,NA,NA,NA,NA,NA,NA,,,,
03/04/2020,Yangon,သင်္ဃန်းကျွန်းအထွေထွေ ရောဂါကု ဆေးရုံ,NA,NA,NA,NA,NA,NA,NA,NA,NA,NA,NA,NA,,,,
03/04/2020,Mandalay,မန္တလေးအထွေထွေရောဂါကုဆေးရုံကြီး,NA,NA,NA,NA,NA,NA,NA,NA,NA,NA,NA,NA,,,,
03/04/2020,Mandalay,ခုတင်(၅၀၀) ကလေးဆေးရုံ၊မန္တလေး,NA,NA,NA,NA,NA,NA,NA,NA,NA,NA,NA,NA,,,,
03/04/2020,Mandalay,မန္တလေးကလေးဆေးရုံ,NA,NA,NA,NA,NA,NA,NA,NA,NA,NA,NA,NA,,,,
03/04/2020,Mandalay,မန္တလေး အရိုးဆေးရုံ,NA,NA,NA,NA,NA,NA,NA,NA,NA,NA,NA,NA,,,,
03/04/2020,Mandalay,မန္တလေး ဗဟိုအမျိုးသမီးဆေးရုံ,NA,NA,NA,NA,NA,NA,NA,NA,NA,NA,NA,NA,,,,
03/04/2020,Mandalay,မန္တလေးခုတင် ၃၀၀ သင်ကြားရေးဆေးရုံ,NA,NA,NA,NA,NA,NA,NA,NA,NA,NA,NA,NA,,,,
03/04/2020,Nay Pyi Taw,နေပြည်တော်ကုတင်၁၀၀၀,NA,NA,NA,NA,NA,NA,NA,NA,NA,NA,NA,NA,,,,
03/04/2020,Nay Pyi Taw,နေပြည်တော်သားဖွား၊မီးယပ်ရောဂါ အထူးကုဆေးရုံ,NA,NA,NA,NA,NA,NA,NA,NA,NA,NA,NA,NA,,,,
03/04/2020,Nay Pyi Taw,နေပြည်တော်အရိုးရောဂါကုဆေးရုံကြီး,NA,NA,NA,NA,NA,NA,NA,NA,NA,NA,NA,NA,,,,
03/04/2020,Nay Pyi Taw,နေပြည်တော် မျက်စိ၊နား၊နှာခေါင်း၊လည်ချောင်း အထူးကုဆေးရုံ,NA,NA,NA,NA,NA,NA,NA,NA,NA,NA,NA,NA,,,,
03/04/2020,Nay Pyi Taw,ကလေးအထူးကုဆေးရုံ၊ နေပြည်တော်,NA,NA,NA,NA,NA,NA,NA,NA,NA,NA,NA,NA,,,,
03/04/2020,Magway,မကွေးသင်ကြားရေးဆေးရုံကြီး,NA,NA,NA,NA,NA,NA,NA,NA,NA,NA,NA,NA,,,,
03/04/2020,Shan (South),စဝ်စံထွန်းဆေးရုံကြီး,NA,NA,NA,NA,NA,NA,NA,NA,NA,NA,NA,NA,,,,
03/04/2020,Shan (South),တောင်ကြီးအမျိုးသမီးနှင့် ကလေးဆေးရုံကြီး,NA,NA,NA,NA,NA,NA,NA,NA,NA,NA,NA,NA,,,,
06/04/2020,Yangon,ရန်ကုန်ပြည်သူ့ဆေးရုံကြီး,NA,NA,NA,NA,NA,NA,NA,NA,NA,NA,NA,NA,,,,
06/04/2020,Yangon,ရန်ကုန်အထွေထွေရောဂါကုဆေးရုံသစ်ကြီး,NA,NA,NA,NA,NA,NA,NA,NA,NA,NA,NA,NA,,,,
06/04/2020,Yangon,မြောက်ဥက္ကလာပြည်သူ့ဆေးရုံကြီး,NA,NA,NA,NA,NA,NA,NA,NA,NA,NA,NA,NA,,,,
06/04/2020,Yangon,ရန်ကုန်ဗဟိုအမျိုးသမီးဆေးရုံကြီး,NA,NA,NA,NA,NA,NA,NA,NA,NA,NA,NA,NA,,,,
06/04/2020,Yangon,ရန်ကုန်အရိုးအထူးကုဆေးရုံကြီး,NA,NA,NA,NA,NA,NA,NA,NA,NA,NA,NA,NA,,,,
06/04/2020,Yangon,သင်္ဃန်းကျွန်းအထွေထွေ ရောဂါကု ဆေးရုံ,NA,NA,NA,NA,NA,NA,NA,NA,NA,NA,NA,NA,,,,
06/04/2020,Yangon,အင်းစိန်အထွေထွေရောဂါကု ဆေးရုံကြီး,NA,NA,NA,NA,NA,NA,NA,NA,NA,NA,NA,NA,,,,
06/04/2020,Yangon,ရန်ကုန်ခုတင်၅၀၀အထူးကုဆေးရုံ,NA,NA,NA,NA,NA,NA,NA,NA,NA,NA,NA,NA,,,,
06/04/2020,Mandalay,မန္တလေးအထွေထွေရောဂါကုဆေးရုံကြီး,NA,NA,NA,NA,NA,NA,NA,NA,NA,NA,NA,NA,,,,
06/04/2020,Mandalay,မန္တလေး ဗဟိုအမျိုးသမီးဆေးရုံ,NA,NA,NA,NA,NA,NA,NA,NA,NA,NA,NA,NA,,,,
06/04/2020,Mandalay,မန္တလေး အရိုးဆေးရုံ,NA,NA,NA,NA,NA,NA,NA,NA,NA,NA,NA,NA,,,,
06/04/2020,Mandalay,မန္တလေးခုတင် ၃၀၀ သင်ကြားရေးဆေးရုံ,NA,NA,NA,NA,NA,NA,NA,NA,NA,NA,NA,NA,,,,
06/04/2020,Shan (South),စဝ်စံထွန်းဆေးရုံကြီး,NA,NA,NA,NA,NA,NA,NA,NA,NA,NA,NA,NA,,,,
06/04/2020,Shan (South),တောင်ကြီးအမျိုးသမီးနှင့် ကလေးဆေးရုံကြီး,NA,NA,NA,NA,NA,NA,NA,NA,NA,NA,NA,NA,,,,
06/04/2020,Magway,မကွေးသင်ကြားရေးဆေးရုံကြီး,NA,NA,NA,NA,NA,NA,NA,NA,NA,NA,NA,NA,,,,
06/04/2020,Nay Pyi Taw,နေပြည်တော်ကုတင်၁၀၀၀,NA,NA,NA,NA,NA,NA,NA,NA,NA,NA,NA,NA,,,,
06/04/2020,Nay Pyi Taw,နေပြည်တော်အရိုးရောဂါကုဆေးရုံကြီး,NA,NA,NA,NA,NA,NA,NA,NA,NA,NA,NA,NA,,,,
06/04/2020,Nay Pyi Taw,နေပြည်တော်သားဖွား၊မီးယပ်ရောဂါ အထူးကုဆေးရုံ,NA,NA,NA,NA,NA,NA,NA,NA,NA,NA,NA,NA,,,,
06/04/2020,Yangon,ဝေဘာဂီဆေးရုံ,NA,NA,NA,NA,NA,NA,NA,NA,NA,NA,NA,NA,,,,
06/04/2020,Yangon,လှည်းကူးသင်တန်းကျောင်း,NA,NA,NA,NA,NA,NA,NA,NA,NA,NA,NA,NA,,,,
06/04/2020,Yangon,တောင်ဥက္ကလာ အမျိုးသမီးနှင့် ကလေးဆေးရုံကြီး,NA,NA,NA,NA,NA,NA,NA,NA,NA,NA,NA,NA,,,,
27/03/2020,Yangon,သင်္ဃန်းကျွန်းအထွေထွေ ရောဂါကု ဆေးရုံ,100,NA,3000,2000,2000,20,NA,NA,NA,NA,NA,NA,,,,
10/04/2020,Yangon,ရန်ကုန်အထွေထွေရောဂါကုဆေးရုံသစ်ကြီး,500,NA,NA,NA,NA,NA,NA,NA,NA,NA,NA,NA,,,,
27/03/2020,Yangon,ရန်ကုန်အရိုးအထူးကုဆေးရုံကြီး,50,NA,1000,500,500,20,NA,NA,NA,NA,NA,NA,,,,
27/03/2020,Yangon,ရန်ကုန်ကလေးဆေးရုံကြီး,50,NA,3000,500,500,20,NA,NA,NA,NA,NA,NA,,,,
10/04/2020,Yangon,အင်းစိန်အထွေထွေရောဂါကု ဆေးရုံကြီး,1500,NA,NA,NA,NA,NA,NA,NA,NA,NA,NA,NA,,,,
10/04/2020,Yangon,ရန်ကင်းကလေးဆေးရုံ,800,NA,NA,NA,NA,NA,NA,NA,NA,NA,NA,NA,,,,
27/03/2020,Yangon,မြောက်ဥက္ကလာပြည်သူ့ဆေးရုံကြီး,200,NA,3000,3000,3000,20,NA,NA,NA,NA,NA,NA,,,,
27/03/2020,Yangon,ရန်ကုန်ဗဟိုအမျိုးသမီးဆေးရုံကြီး,50,NA,2000,2000,2000,20,NA,NA,NA,NA,NA,NA,,,,
27/03/2020,Yangon,ရန်ကုန်အထွေထွေရောဂါကုဆေးရုံသစ်ကြီး,50,NA,3000,2000,2000,30,NA,NA,NA,NA,NA,NA,,,,
10/04/2020,Magway,မကွေးသင်ကြားရေးဆေးရုံကြီး,500,NA,NA,NA,NA,NA,NA,NA,NA,NA,NA,NA,,,,
10/04/2020,Shan (South),စဝ်စံထွန်းဆေးရုံကြီး,500,NA,NA,NA,NA,NA,NA,NA,NA,NA,NA,NA,,,,
27/03/2020,Yangon,ရန်ကုန် အထူးကုဆေးရုံကြီး,50,NA,1000,2000,2000,30,NA,NA,NA,NA,NA,NA,,,,
27/03/2020,Yangon,ရန်ကုန်ပြည်သူ့ဆေးရုံကြီး,500,NA,4000,3000,3000,30,NA,NA,NA,NA,NA,NA,,,,
10/04/2020,Yangon,တောင်ဥက္ကလာ အမျိုးသမီးနှင့် ကလေးဆေးရုံကြီး,1000,NA,NA,NA,NA,NA,NA,NA,NA,NA,NA,NA,,,,
10/04/2020,Yangon,အမျိုးသားကျန်းမာရေးဓာတ်ခွဲခန်း,1000,NA,NA,NA,NA,NA,NA,NA,NA,NA,NA,NA,,,,
10/04/2020,Yangon,ဗဟိုကူးစက်,NA,NA,NA,NA,NA,NA,NA,NA,NA,NA,NA,NA,,,,
10/04/2020,Yangon,တောင်ဥက္ကလာဆေးရုံ,NA,NA,NA,NA,NA,NA,NA,NA,NA,NA,NA,NA,,,,
10/04/2020,Nay Pyi Taw,အငြိမ်းစားနိုင်ငံ့ဝန်ထမ်းဆေးရုံ,NA,NA,NA,NA,NA,NA,NA,NA,NA,NA,NA,NA,,,,
10/04/2020,Mandalay,ကန်တော် နဒီဆေးရုံ,NA,NA,NA,NA,NA,NA,NA,NA,NA,NA,NA,NA,,,,
10/04/2020,Yangon,Covid-19 ကုသရေးဌာန (ဖောင်ကြီး),NA,NA,NA,NA,NA,NA,NA,NA,NA,NA,NA,NA,,,,
03/04/2020,Yangon,ဗဟိုကူးစက်,NA,NA,NA,NA,NA,NA,NA,NA,NA,NA,NA,NA,,,,
03/04/2020,Yangon,တောင်ဥက္ကလာဆေးရုံ,NA,NA,NA,NA,NA,NA,NA,NA,NA,NA,NA,NA,,,,
10/04/2020,Yangon,ဗဟို,NA,NA,NA,50000,50000,NA,NA,NA,NA,NA,NA,NA,,,,
